Name,Team,Age,Position,Apps,Minutes,Total Assists,Key passes per game,Passes per game,Pass success percentage,Crosses per game,Long balls per game,Through balls per game,Rating
Lionel Messi,PSG,35," AM(CR),FW  ",21,1852,12,2.5,58.8,83.1,0.8,2.9,1.1,8.51
Kylian Mbappé,PSG,24," AM(LR),FW  ",20(2),1742,3,1.5,34.2,82.7,0.5,0.3,0.1,7.79
Martin Terrier,Rennes,26," AM(CL),FW  ",16,1330,4,1.6,36.8,75.3,0.2,1.4,0.2,7.71
Neymar,PSG,31," AM(CLR),FW  ",18(2),1553,11,2.5,59.4,82.7,0.9,2.2,0.5,7.71
Dango Ouattara,Lorient,21, AM(LR)  ,18,1552,5,1.3,22.3,63.9,0.2,0.4,0.2,7.43
Alexandre Lacazette,Lyon,31," M(CLR),FW  ",23,1976,4,1.5,25.8,74.2,0.1,0.8,0.1,7.38
Enzo Le Fée,Lorient,23, M(CLR)  ,26,2259,5,2,55.3,84.1,1.1,3.2,0.2,7.36
Rémy Cabella,Lille,33," M(CLR),FW  ",17(3),1558,6,3.1,51,85.1,1.3,1.1,0.2,7.27
Fabien Centonze,Nantes,27," D(R),M(R)  ",11(2),1008,0,0.5,35.1,78.5,0.6,1.5,0,7.25
Benjamin André,Lille,32," D(R),M(CLR)  ",24,2118,1,0.8,68.8,85.3,0,5.6,0.2,7.24
Andrei Girotto,Nantes,31," D(C),DMC  ",25,2235,1,0.4,49,84.7,0.1,4.8,0,7.23
Téji Savanier,Montpellier,31, M(C)  ,21,1808,1,2,49.1,78.5,1.7,4.8,0.1,7.23
Jonathan David,Lille,23," AM(C),FW  ",24(1),2120,4,1.3,22.6,82.7,0.1,0.4,0.1,7.23
Branco van den Boomen,Toulouse,27, DMC  ,25,2179,7,2.5,56,82.1,2.5,7.8,0.1,7.17
Wissam Ben Yedder,Monaco,32," AM(C),FW  ",18(4),1342,4,0.7,17.3,77.4,0.1,0.2,0,7.17
Aleksandr Golovin,Monaco,26, M(CLR)  ,20(5),1812,6,1.8,28.8,74.7,1,1.3,0,7.16
Florian Sotoca,Lens,32," AM(CR),FW  ",24(2),2125,7,1.9,35.8,79.3,0.5,2,0.2,7.15
Gaëtan Laborde,Nice,28," AM(CLR),FW  ",19(2),1631,1,1.2,19.7,70.7,0.5,0.5,0,7.10
Achraf Hakimi,PSG,24," D(LR),M(R)  ",16(5),1506,3,1.4,45.7,89.4,0.6,0.4,0,7.04
Yehvann Diouf,Reims,23, GK  ,19,1710,0,0.1,26.7,74.2,0,5.9,0,7.04
Adam Ounas,Lille,26," AM(CLR),FW  ",9(4),787,1,1.7,26.5,79.7,0.8,1.6,0.2,7.04
Malo Gusto,Lyon,19," D(R),M(R)  ",17,1448,1,1.4,61.1,85.2,1.8,2.4,0,7.03
Jean-Ricner Bellegarde,Strasbourg,24, M(CLR)  ,19,1594,5,1.9,39.9,80.6,1.9,1.6,0.1,7.03
Amine Gouiri,Rennes,23," AM(L),FW  ",19(2),1597,1,1.1,20.3,81,0.3,0.5,0,7.02
Nabil Bentaleb,Angers,28, M(C)  ,21(1),1816,3,1,60.5,84.6,0.8,4.4,0.1,7.02
Nicolás Tagliafico,Lyon,30," D(CL),M(L)  ",24,2139,3,0.8,48.4,87,0.3,1,0,7.01
Marco Verratti,PSG,30, M(C)  ,18(1),1434,0,0.7,82.3,92.8,0.1,3.1,0.2,7.01
Jonathan Clauss,Marseille,30," D(R),M(LR)  ",20(2),1629,8,1.5,32.1,76,1,1.2,0.1,7.01
Seko Fofana,Lens,27, M(C)  ,23(1),2106,4,1,48.8,89.1,0.6,2.1,0.1,7.01
Terem Moffi,Lorient,23," AM(R),FW  ",17(1),1398,0,0.5,11.3,75.9,0,0.2,0,7.01
Rafael Ratão,Toulouse,27, AM(LR)  ,19(1),1348,2,1.1,25.9,75.9,0.4,1,0.1,7.01
Sofiane Boufal,Angers,29," AM(CLR),FW  ",9(4),838,3,2.1,33.7,81.1,0.5,1.2,0.2,7.01
Caio Henrique,Monaco,25," D(L),M(CL)  ",21(2),1939,7,1.5,44.6,80.7,1,1.5,0,7.00
Gianluigi Donnarumma,PSG,24, GK  ,26,2340,0,0,21.3,82.3,0,2,0,7.00
Nuno Mendes,PSG,20," D(L),M(L)  ",13(4),1096,3,1,32.2,85.7,0.2,0.4,0.1,7.00
Ludovic Blas,Nantes,25," M(CLR),FW  ",21(4),1944,1,1.2,29.6,85.4,0.6,2.2,0,7.00
Alexis Sánchez,Marseille,34," M(CLR),FW  ",20(3),1737,1,1.5,26,78.2,0.2,1.3,0.1,7.00
Azor Matusiwa,Reims,24, DMC  ,19(1),1672,0,0.7,51.2,85.9,0,4.4,0.1,6.99
Franck Honorat,Brest,26," M(LR),FW  ",21(2),1820,3,2.7,24.6,73.7,2.2,0.7,0,6.99
Nuno Tavares,Marseille,23," D(L),M(L)  ",18(4),1758,0,1,34.8,80.7,0.5,1.5,0.1,6.99
Junya Ito,Reims,30," AM(LR),FW  ",22(1),1878,5,1.9,24.4,70.6,1.2,0.5,0.2,6.98
Kevin Danso,Lens,24, D(C)  ,26,2340,1,0.3,66.3,90.5,0,2.8,0,6.98
Breel Embolo,Monaco,26," AM(CR),FW  ",18(8),1636,2,1.1,14.3,69.4,0,0.2,0,6.98
Yunis Abdelhamid,Reims,35, D(C)  ,26,2340,1,0.3,50.3,82.4,0,2.8,0,6.97
Youcef Belaïli,AC Ajaccio,30, AM(L)  ,12(2),961,3,1.4,23.4,76.5,1.1,1.4,0.1,6.97
Jonathan Bamba,Lille,26," AM(CLR),FW  ",20(2),1799,4,1.5,39.2,83.7,0.4,0.9,0.2,6.96
Przemyslaw Frankowski,Lens,27, M(CLR)  ,20(6),1876,2,2,36.2,82.5,1.8,1.4,0,6.96
Dante,Nice,39, D(C)  ,25,2250,2,0.2,69.4,89.9,0,4.4,0.1,6.96
Valentin Rongier,Marseille,28," D(R),M(C)  ",23(2),2044,0,0.8,58.3,88.5,0.1,2.6,0,6.96
Benjamin Bourigeaud,Rennes,29, M(CLR)  ,25,2040,5,2.5,45.2,79.3,1.9,2.6,0.2,6.94
Baptiste Santamaría,Rennes,28, DMC  ,13(1),1129,0,0.7,61.7,85.5,0.1,5,0,6.94
Maxence Caqueret,Lyon,23, DMC  ,21(3),1830,5,1.5,45.6,86.4,0.6,1.5,0.1,6.93
Marshall Munetsi,Reims,26," D(C),M(C)  ",19(3),1672,2,0.8,25.4,75,0.1,1,0,6.93
Youssouf Fofana,Monaco,24, DMC  ,24(1),2111,1,0.8,47.8,82.2,0,2.8,0.2,6.93
Habib Diallo,Strasbourg,27," AM(R),FW  ",21(5),1896,0,0.6,15.3,69.7,0,0.3,0.1,6.93
Folarin Balogun,Reims,21, FW  ,22(3),1953,1,0.7,13.3,69.4,0.1,0.3,0,6.92
Tetê,Lyon,23, AM(R)  ,14(3),1114,2,0.6,26.6,81.7,0.4,0.6,0,6.92
Nicolas Pépé,Nice,27," AM(LR),FW  ",14(2),1259,0,1.2,30.4,80.9,0.7,0.6,0.1,6.92
Pau López,Marseille,28, GK  ,22,1980,1,0,29,77.3,0,5.3,0,6.92
Karl Toko Ekambi,Lyon,30," AM(LR),FW  ",15(4),1357,2,1.4,30.4,82.3,0.3,1.4,0.1,6.91
Neto Borges,Clermont Foot,26," D(L),M(L)  ",23,1984,0,1,34.5,79.1,0.7,1,0,6.91
Rayan Cherki,Lyon,19, AM(CR)  ,11(12),1018,4,2,23.7,80.5,1.2,1.2,0.1,6.91
Axel Disasi,Monaco,24, D(C)  ,25(1),2250,3,0.3,51.3,84.3,0.1,3.8,0,6.91
Alexis Flips,Reims,23, M(CLR)  ,18(3),1278,5,1.5,24,68.5,1.2,1.5,0.1,6.91
Chancel Mbemba,Marseille,28," D(CLR),DMC  ",24(1),2108,0,0.1,49.5,85.3,0.2,2.1,0,6.91
Mohamed Camara,Monaco,23, DMC  ,17(2),1478,2,0.7,45.7,88.4,0.1,3.8,0.1,6.90
Khéphren Thuram,Nice,21, DMC  ,21(5),1845,4,0.9,36.7,86.6,0.1,1.3,0.1,6.90
Edon Zhegrova,Lille,23, AM(R)  ,8(7),721,3,1.3,21.8,82.9,1,0.5,0,6.90
Rony Lopes,Troyes,27," AM(CLR),FW  ",20(2),1572,5,1.7,22.9,74.8,1.2,1.2,0,6.90
Kasper Schmeichel,Nice,36, GK  ,24,2160,0,0.1,30.8,73.8,0,8.2,0,6.90
Jordan Lotomba,Nice,24," D(LR),M(R)  ",21(4),1911,2,0.6,35.1,84.2,0.4,0.6,0.1,6.89
Hicham Boudaoui,Nice,23, M(CR)  ,12(4),1033,1,0.8,35,87.9,0.1,0.9,0.1,6.88
Florian Tardieu,Troyes,30, M(C)  ,11(3),1009,0,1.2,50.4,90.4,0.9,4,0,6.87
Ismaily,Lille,33, D(L)  ,17(1),1452,1,1,45,80.5,0.1,0.6,0,6.86
Stijn Spierings,Toulouse,26, M(C)  ,26,2340,0,0.6,58,85.7,0.1,3.9,0,6.86
Guillermo Maripán,Monaco,28, D(C)  ,17(1),1486,0,0.1,45.2,87.2,0,3.1,0,6.85
Emmanuel Agbadou,Reims,25," D(C),DMC  ",19(1),1690,2,0.3,47.6,85.5,0,3.5,0.2,6.85
Vanderson,Monaco,21," D(R),M(R)  ",14(6),1300,3,0.7,35.5,82.1,0.6,2.6,0,6.85
Romain Del Castillo,Brest,26," AM(LR),FW  ",9(6),797,3,1.1,20.3,69.8,1.3,1.1,0.1,6.85
Youcef Atal,Nice,26," D(R),M(R)  ",7(6),636,0,0.8,24.6,83.8,0.6,1.2,0,6.85
Alexander Djiku,Strasbourg,28," D(CR),DMC  ",23,1979,2,0.3,49.2,81.1,0.1,5.1,0,6.84
Adrien Truffert,Rennes,21," D(L),M(L)  ",22(4),1883,6,0.8,41.4,80.5,0.4,1,0,6.84
Rasmus Nicolaisen,Toulouse,25, D(C)  ,25,2187,2,0.1,48,83.2,0,3.4,0,6.84
Jordan Veretout,Marseille,30, M(C)  ,19(7),1784,2,0.8,48.8,87.8,0.5,3.7,0.1,6.83
Hamari Traoré,Rennes,31," D(R),M(R)  ",18(1),1633,2,0.7,58.3,87.5,0.6,2.3,0,6.83
Rominigue Kouamé,Troyes,26, DMC  ,21,1797,1,0.7,42.8,88.7,0.1,2.1,0.1,6.83
Gédéon Kalulu,Lorient,25, D(R)  ,22,1980,3,0.9,44,80.6,0.3,2.2,0,6.82
Krépin Diatta,Monaco,24," M(CLR),FW  ",17(5),1594,2,0.9,24.2,80.5,0.5,0.4,0,6.82
Sead Kolasinac,Marseille,29," D(CL),DMC,M(L)  ",16(6),1338,1,0.4,32.7,84.8,0.2,0.9,0,6.82
Samuel Gigot,Marseille,29, D(C)  ,16(1),1278,2,0.2,46.6,87.8,0.1,1.2,0,6.81
Jonathan Gradit,Lens,30, D(CR)  ,21,1756,2,0.4,62,90.8,0.1,2.4,0,6.81
Jean-Clair Todibo,Nice,23, D(C)  ,24,2032,0,0.2,62.5,88.4,0,3.1,0,6.81
Alban Lafont,Nantes,24, GK  ,25,2250,0,0,26.7,63.1,0,6.2,0,6.81
Alidu Seidu,Clermont Foot,22, D(CR)  ,20,1755,0,0.3,43.1,87.3,0.3,2.3,0,6.80
Mory Diaw,Clermont Foot,29, GK  ,26,2340,0,0.1,33.3,65.9,0,8,0,6.80
Pierre Lees-Melou,Brest,29, M(CLR)  ,21,1783,1,0.3,41.1,83.6,0.2,4.9,0,6.80
Vito Mannone,Lorient,35, GK  ,12(1),1157,0,0,25.8,69.9,0,3.2,0,6.80
Cengiz Ünder,Marseille,25, M(CLR)  ,17(8),1486,4,1.1,22.5,77.4,1,1.2,0,6.79
Aaron Ramsey,Nice,32, M(CLR)  ,13(7),1129,1,1,33.5,87,0.5,2.1,0.1,6.79
Mama Baldé,Troyes,27," D(R),M(CLR),FW  ",22(1),1840,3,0.8,15,69.8,0,0.5,0,6.79
Désiré Doué,Rennes,17, AM(C)  ,9(11),934,1,0.6,16.8,82.7,0.4,0.9,0.1,6.79
Danilo Pereira,PSG,31," D(C),DMC  ",15(6),1364,0,0.2,51,93.8,0,2,0,6.79
Jean-Charles Castelletto,Nantes,28, D(C)  ,20(2),1669,0,0,39.1,83.6,0.1,2.1,0,6.77
Laurent Abergel,Lorient,30, DMC  ,17(1),1379,1,0.5,40.4,87.5,0,1.4,0.2,6.77
Fabián Ruiz,PSG,26, M(CL)  ,14(3),1199,1,0.5,61.3,91.7,0,2,0.1,6.77
Nordi Mukiele,PSG,25," D(CR),M(R)  ",12(7),1133,3,0.5,31.7,88.4,0.1,0.6,0,6.76
Salis Abdul Samed,Lens,22, DMC  ,24,2158,0,0.6,63,92.2,0.1,1.5,0.1,6.76
Quentin Merlin,Nantes,20," D(L),M(L)  ",15(1),1270,1,1.6,43.6,79.9,1.6,3.1,0,6.74
Brice Samba,Lens,28, GK  ,26,2340,0,0,29,75.2,0,6.2,0,6.74
Corentin Tolisso,Lyon,28," D(R),M(CR)  ",15(4),1159,1,0.9,56.6,89,0.3,3.8,0.2,6.74
Deiver Machado,Lens,29, M(L)  ,19(4),1646,1,0.6,22,85,0.5,0.3,0,6.74
Johan Gastien,Clermont Foot,35, DMC  ,18(1),1589,2,0.9,68,84,0.4,5.2,0.1,6.74
Maxime Dupé,Toulouse,30, GK  ,26,2340,0,0,29.2,75.2,0,5.3,0,6.74
Sergio Ramos,PSG,36, D(CR)  ,21(2),1809,1,0.1,70,95,0.2,4.2,0,6.74
Sinaly Diomandé,Lyon,21, D(C)  ,14(1),1231,0,0.1,60.1,85.3,0.1,2.4,0,6.74
Gideon Mensah,Auxerre,24," D(L),M(L)  ",17,1517,0,1,46.4,79.2,0.6,2.8,0.1,6.74
Leonardo Balerdi,Marseille,24, D(C)  ,23(3),2038,1,0.2,47,84.8,0,3.3,0,6.73
Facundo Medina,Lens,23, D(CL)  ,23,1974,3,0.5,79.5,90.6,0.3,2.8,0,6.73
Azzedine Ounahi,Angers,22, AM(CR)  ,13(2),1137,0,1.1,40.4,88.3,0.2,2.3,0.1,6.72
Marquinhos,PSG,28," D(CR),DMC  ",22(2),1990,0,0.3,65.3,95.4,0,2.4,0,6.72
Christopher Jullien,Montpellier,29, D(C)  ,20,1796,1,0.3,36.1,84.6,0,2.7,0.1,6.72
Johann Lepenant,Lyon,20, DMC  ,15(6),1416,1,0.3,47,89.6,0,2.2,0,6.72
Saîf-Eddine Khaoui,Clermont Foot,27, AM(CR)  ,18(6),1603,3,1.3,22,74.6,0.5,0.8,0,6.71
Mario Lemina,Nice,29, DMC  ,11(3),844,0,0.3,45.1,90,0,1.6,0,6.71
Flavien Tait,Rennes,30, M(CLR)  ,16(7),1386,2,0.8,37.8,85.9,0,2.5,0,6.71
Melvin Bard,Nice,22," D(L),M(L)  ",17(4),1588,0,0.2,36.2,80.7,0.1,1,0,6.70
Julien Laporte,Lorient,29, D(C)  ,18,1543,0,0.1,40.4,85.1,0,3.2,0,6.70
Thiago Mendes,Lyon,30," D(CR),M(CR)  ",18(4),1600,1,0.4,59.6,86.1,0,3.9,0.1,6.70
Alexander Nübel,Monaco,26, GK  ,26,2340,0,0,24.3,71.1,0,6.8,0,6.70
Hamza Sakhi,Auxerre,26, AM(C)  ,18(5),1592,2,1.5,35,86.4,0.9,4.1,0.2,6.69
Montassar Talbi,Lorient,24, D(C)  ,26,2340,1,0.2,51.3,89.7,0,1.8,0,6.69
Tiago Djaló,Lille,22, D(CLR)  ,24(1),2022,0,0.1,62.9,93.1,0,2.6,0,6.69
Arnaud Kalimuendo,Rennes,21, FW  ,16(3),1254,2,0.4,14.5,83.3,0,0.1,0,6.69
Steve Mandanda,Rennes,37, GK  ,24,2116,1,0,30.3,68.8,0,7.2,0,6.69
Moses Simon,Nantes,27," M(CLR),FW  ",20(2),1695,3,1.5,19.2,73.7,1,0.5,0.1,6.69
Sofiane Diop,Nice,22, AM(CLR)  ,12(6),1010,4,0.9,28.2,83,0.5,0.9,0,6.69
Lucas Chevalier,Lille,21, GK  ,20,1800,0,0.1,27.9,74.5,0,3.3,0.1,6.69
Andy Delort,Nice,31," AM(R),FW  ",9(5),781,1,0.8,15.2,64.8,0.1,0.7,0,6.68
Thijs Dallinga,Toulouse,22, FW  ,19(6),1496,1,0.7,12.6,68.4,0,0.2,0,6.68
Mikkel Desler,Toulouse,28, D(R)  ,18(1),1567,2,0.6,44.3,85.7,0.3,1.2,0,6.68
Angel Gomes,Lille,22," M(CL),FW  ",24(1),1978,4,1,47,87.4,0.4,2.6,0,6.68
Jubal,Auxerre,29, D(C)  ,23(2),2136,1,0.1,36.8,84.1,0.1,4.3,0,6.68
Marco Bizot,Brest,31, GK  ,25,2250,0,0,24.5,66.9,0,5.6,0,6.68
Jonas Omlin,Montpellier,29, GK  ,14,1168,0,0,24.1,65.1,0,4.5,0,6.68
Faitout Maouassa,Montpellier,24," D(L),M(LR)  ",18(6),1491,5,0.8,15.7,69.4,0.8,0.5,0,6.67
Juan Bernat,PSG,30," D(L),M(CL)  ",11(8),1065,3,0.8,32,93.4,0.1,0.3,0,6.67
David Costa,Lens,22, AM(CL)  ,16(8),1317,3,1.1,27.3,86.1,0.3,0.7,0.1,6.67
Zakaria Aboukhlal,Toulouse,23, AM(LR)  ,21(5),1836,5,0.6,18.8,73.1,0.1,0.1,0,6.66
Vitinha,PSG,23, M(C)  ,20(4),1646,1,0.6,54.8,92.4,0,1.5,0,6.66
Nicolas Pallois,Nantes,35, D(C)  ,17,1440,0,0.1,42.9,84.2,0,3.6,0,6.66
Anthony Rouault,Toulouse,21, D(C)  ,26,2333,0,0.2,52.8,86,0,3.6,0,6.66
Mounaïm El Idrissy,AC Ajaccio,24, FW  ,21(2),1776,0,0.4,18.3,70.8,0,0.4,0,6.66
Kevin Gameiro,Strasbourg,35, FW  ,20(4),1736,0,0.8,25.2,79.8,0.3,0.3,0.2,6.66
Vincent Le Goff,Lorient,33," D(L),M(L)  ",25,2250,0,0.4,43.2,83.2,0.5,1.2,0,6.66
Mattéo Guendouzi,Marseille,23, M(C)  ,19(5),1619,3,0.7,39.3,88.6,0.1,2.3,0,6.66
Castello Lukeba,Lyon,20, D(C)  ,22(1),1996,0,0.1,66.8,90,0,2,0,6.66
Yvon Mvogo,Lorient,28, GK  ,14,1183,0,0,26.8,69.6,0,5.9,0,6.65
Farès Chaïbi,Toulouse,20, AM(L)  ,17(7),1601,4,0.9,24.7,75.8,0.2,1,0.1,6.65
Issiaga Sylla,Toulouse,29," D(LR),M(L)  ",16(1),1376,0,0.4,38.3,78.8,0.2,0.9,0,6.65
Jackson Porozo,Troyes,22, D(C)  ,16(3),1472,0,0.1,29.9,82.1,0,1.2,0,6.64
Xavier Chavalerin,Troyes,32," DMC,M(L)  ",18(6),1710,2,0.6,31.7,84.1,0.3,1.5,0.2,6.64
Jens Cajuste,Reims,23, DMC  ,8(12),955,1,0.5,22.7,80.4,0,1.5,0.1,6.64
Nuno da Costa,Auxerre,32," AM(LR),FW  ",14(7),1290,2,0.7,11.7,69,0.1,0.8,0,6.63
Arthur Theate,Rennes,22, D(C)  ,25,2243,0,0.3,70.9,90.3,0,3.9,0,6.63
Jérémy Le Douaron,Brest,24," AM(L),FW  ",14(7),1273,2,0.4,10.1,71.8,0.1,0,0,6.63
Loïs Openda,Lens,23, FW  ,17(9),1530,1,0.5,9.9,71.2,0.1,0.1,0.1,6.62
Bafodé Diakité,Lille,22, D(CR)  ,22(2),1965,0,0.3,50.3,88.3,0.1,1.5,0,6.62
Lilian Brassier,Brest,23, D(CL)  ,23(1),2014,0,0.3,39.2,77,0.3,4,0,6.61
Mohamed Youssouf,AC Ajaccio,34, D(R)  ,19(2),1744,0,0.6,34.2,75.9,0.7,1.8,0,6.61
Anthony Lopes,Lyon,32, GK  ,22,1917,0,0,24.5,74.3,0,4.5,0,6.61
Elye Wahi,Montpellier,20," AM(L),FW  ",20(2),1733,1,0.5,13.4,69.5,0,0.2,0,6.61
Bradley Barcola,Lyon,20, Forward  ,6(10),595,1,0.6,11.4,72.1,0.1,0.1,0,6.61
Mathias Autret,Auxerre,32, M(CLR)  ,16(4),1272,2,1.4,25.3,81.4,1,3,0.1,6.61
André Gomes,Lille,29, M(CLR)  ,11(7),1029,2,0.7,45.1,86.6,0.1,1.9,0.1,6.61
Jérémy Doku,Rennes,20, AM(LR)  ,5(14),593,0,0.6,13,83.8,0.2,0.2,0,6.61
Mostafa Mohamed,Nantes,25, FW  ,13(13),1337,2,0.5,9.3,61.3,0,0.1,0,6.60
Wahbi Khazri,Montpellier,32," M(CLR),FW  ",12(6),1052,1,0.4,15.4,75.1,0.4,0.9,0,6.59
Bradley Locko,Reims,20," D(L),M(L)  ",13(2),1060,0,0.5,23.5,81,0.2,0.9,0.1,6.58
Ignatius Ganago,Nantes,24," AM(LR),FW  ",11(8),1054,3,0.4,12,66.7,0.1,0.4,0.1,6.58
Brecht Dejaegere,Toulouse,31, AM(C)  ,20(2),1483,1,0.6,22,80,0,0.8,0.2,6.58
Matz Sels,Strasbourg,31, GK  ,26,2340,0,0,22.7,64.3,0,5.3,0,6.58
Mateusz Wieteska,Clermont Foot,26, D(C)  ,25,2250,1,0.1,45.7,82.2,0,2.2,0,6.57
Maxime Le Marchand,Strasbourg,33, D(CL)  ,18(3),1568,0,0.1,45.6,79.2,0.2,3.3,0,6.57
Joe Rodon,Rennes,25, D(C)  ,14,1238,0,0.1,66.1,89.6,0,1.7,0,6.57
Brendan Chardonnet,Brest,28, D(C)  ,17(2),1576,0,0.3,44.1,81.8,0.1,5.4,0,6.57
Kamory Doumbia,Reims,20, AM(C)  ,11(9),913,2,0.8,18.7,81.8,0.1,0.6,0.1,6.57
Dimitri Payet,Marseille,35," M(CLR),FW  ",8(11),706,3,1.5,18.5,78.1,0.6,1.2,0.1,6.56
Yohann Magnin,Clermont Foot,25, DMC  ,21(5),1929,0,0.5,40.3,84.5,0.1,2.1,0,6.56
Joris Chotard,Montpellier,21, DMC  ,16(7),1533,2,0.6,30,80.2,0.1,1.9,0.1,6.56
Maximiliano Caufriez,Clermont Foot,26, D(CR)  ,16,1388,0,0,44.4,89,0,2.9,0,6.56
Vincent Marchetti,AC Ajaccio,25, M(C)  ,22(1),1843,1,0.5,36,80.8,0,2.7,0.2,6.56
Ludovic Ajorque,Strasbourg,29, FW  ,9(4),772,0,0.8,19.4,70.6,0,0.5,0,6.56
Himad Abdelli,Angers,23, M(CL)  ,12(6),1106,0,1.1,32.6,82.1,0.2,1.6,0.1,6.56
Maxime Estève,Montpellier,20, D(C)  ,15(4),1362,0,0.1,31.8,80.7,0,1.5,0,6.56
Andreaw Gravillon,Reims,25, D(CR)  ,12(1),1040,0,0.2,29.8,76,0.2,1.8,0.2,6.56
José Fonte,Lille,39, D(C)  ,21(1),1783,0,0.2,60.2,90,0,3.6,0,6.56
Timothy Weah,Lille,23," D(L),M(LR),FW  ",10(7),1001,2,0.7,28.4,85.3,0.4,1.1,0,6.55
Hugo Ekitike,PSG,20, FW  ,8(9),781,3,0.4,13.3,83.2,0,0.2,0,6.55
Hugo Magnetti,Brest,24, DMC  ,13(9),1224,2,0.5,23.1,83.9,0.3,1.8,0,6.55
Nicolas Cozza,Montpellier,24, D(CL)  ,14(3),1275,1,0.4,28.9,73.4,0.2,1.4,0.1,6.55
Pedro Chirivella,Nantes,25, DMC  ,21(1),1792,1,1,54.3,86.3,0,4.9,0,6.54
Massadio Haïdara,Lens,30," D(CL),M(L)  ",13(11),1191,0,0.2,28.9,87.8,0.1,1.1,0,6.54
Dimitri Liénard,Strasbourg,35," D(L),M(CL)  ",16(5),1326,0,1.1,29.6,77.3,1.3,2.3,0,6.53
Lovro Majer,Rennes,25, AM(CR)  ,11(10),978,3,1,26,84.1,0.5,0.9,0,6.53
Arnaud Nordin,Montpellier,24," AM(CLR),FW  ",18(6),1433,2,0.3,14.4,78.6,0.2,0.5,0,6.53
Yan Valery,Angers,24," D(CR),M(R)  ",18,1458,0,0.4,28.3,74.3,0.5,1.4,0,6.52
Mahdi Camara,Brest,24," D(CR),DMC  ",17(3),1391,0,0.2,24.5,84.3,0,0.6,0,6.52
Abdu Conté,Troyes,24," D(L),M(L)  ",11(3),999,2,0.9,33.6,80.2,0.5,1.4,0.1,6.52
Noah Fadiga,Brest,23, D(R)  ,13(3),1028,0,0.1,23.1,79.5,0.2,0.7,0,6.52
Ismaël Doukouré,Strasbourg,19, D(C)  ,15(2),1382,1,0.2,35.8,81.9,0.1,2.5,0.1,6.51
Jordan Ferri,Montpellier,30, M(C)  ,22(1),1859,2,0.8,57,86.6,0.3,4.2,0.2,6.51
Renaud Ripart,Troyes,29," D(R),M(CLR),FW  ",12(11),1131,1,0.9,15.9,71,0.1,0.2,0,6.51
Elbasan Rashani,Clermont Foot,29, AM(CLR)  ,17(5),1449,1,0.4,19.9,78.1,0.1,0.3,0,6.51
Wesley Saïd,Lens,27," AM(CLR),FW  ",6(11),595,0,0.4,9.8,83.1,0.1,0.5,0.1,6.51
Pape Gueye,Marseille,24, DMC  ,4(10),486,1,0.3,22.1,84.8,0.1,1.1,0,6.51
Ronaël Pierre-Gabriel,Strasbourg,24," D(CLR),M(R)  ",7(7),653,1,0.3,20.4,80.8,0.3,0.4,0,6.50
Stéphane Diarra,Lorient,24, AM(R)  ,13(10),973,0,0.5,12,74.6,0.1,0,0,6.50
Evann Guessand,Nantes,21," AM(R),FW  ",12(13),1026,2,0.4,9.4,72.2,0.1,0.2,0,6.50
Birama Touré,Auxerre,30, DMC  ,26,2326,0,0.1,42.1,81.5,0,3.7,0,6.49
Renato Sanches,PSG,25, M(CR)  ,3(11),417,0,0.5,28.8,92.6,0.1,1.8,0.1,6.49
Théo Le Bris,Lorient,20, M(L)  ,11(8),1035,1,0.4,19.5,80.3,0.1,0.3,0,6.49
Carlos Soler,PSG,26, M(CLR)  ,9(8),764,2,0.5,24.6,87.1,0.2,0.7,0.1,6.48
Issa Kaboré,Marseille,21," D(R),M(R)  ",5(8),582,0,0.5,18.2,81.4,0.4,0.5,0,6.48
Sanjin Prcic,Strasbourg,29, M(C)  ,17(6),1480,1,0.3,38.4,85.3,0.2,3.9,0.1,6.48
Samuel Moutoussamy,Nantes,26, M(CL)  ,17(6),1488,2,0.4,31.9,86.8,0,1.3,0,6.48
Jean-Kévin Duverne,Brest,25, D(CLR)  ,16(6),1564,0,0.4,31,74.4,0.3,2.5,0,6.48
Yoann Cathline,Lorient,20, AM(L)  ,7(6),705,1,0.4,13.4,71.8,0.5,0.2,0,6.48
Komnen Andric,Clermont Foot,27, FW  ,15(11),1306,3,0.6,15.2,75.5,0,0.6,0,6.47
Alexis Claude-Maurice,Lens,24, AM(CL)  ,4(9),445,2,0.5,13.3,86.1,0.1,0.2,0,6.47
Julien Ponceau,Lorient,22, AM(C)  ,16(7),1344,4,1.1,26.4,83,0,0.7,0,6.47
Kamaldeen Sulemana,Rennes,21, AM(L)  ,2(12),317,0,0.4,10,85.7,0.3,0.4,0,6.47
Maxime Gonalons,Clermont Foot,33," D(C),M(C)  ",10(4),727,0,0.2,30.7,87.7,0,2,0,6.47
Muhammed Cham,Clermont Foot,22, AM(C)  ,16(10),1390,2,0.9,24.5,82.4,0.5,1.2,0.2,6.46
Mickaël Alphonse,AC Ajaccio,33, D(LR)  ,11(9),1038,0,0.4,20.7,71.5,0.2,1.1,0,6.46
Falaye Sacko,Montpellier,27," D(CR),M(R)  ",18(5),1616,2,0.6,28.8,80.8,0.3,1,0,6.46
Mathias Pereira Lage,Brest,26, M(CLR)  ,14(4),1088,1,0.5,16.8,72.6,0.1,0.8,0,6.45
Jim Allevinah,Clermont Foot,28, M(LR)  ,16(8),1480,0,0.5,19.4,83,0.3,0.2,0,6.45
Lesley Ugochukwu,Rennes,18, M(C)  ,8(8),873,0,0,28.4,86.6,0,1.5,0,6.45
Léo Leroy,Montpellier,23, DMC  ,10(8),817,0,0.5,20.9,76.1,0.1,0.9,0,6.44
Moussa Sissoko,Nantes,33, M(CR)  ,15(4),1320,0,0.7,26.5,79.5,0.3,0.7,0,6.44
Miha Blazic,Angers,29, D(C)  ,19(1),1684,0,0.1,51.8,87.3,0,3.9,0,6.44
Bevic Moussiti-Oko,AC Ajaccio,28, FW  ,7(10),696,0,0.3,9.2,57.3,0,0.1,0,6.44
Arbër Zeneli,Reims,28," AM(LR),FW  ",11(7),904,2,1.2,18,77.8,0.4,0.4,0.1,6.44
Cyrille Bayala,AC Ajaccio,26, AM(R)  ,19(6),1527,1,0.6,17.7,66.1,0.2,0.4,0,6.43
Lucas Perrin,Strasbourg,24, D(C)  ,11(6),1096,0,0.2,30,82.9,0.1,2.3,0,6.43
Wilson Odobert,Troyes,18, AM(L)  ,11(12),1113,2,0.6,13.3,79.5,0.2,0.3,0,6.43
Thomas Mangani,AC Ajaccio,35, M(C)  ,9(9),893,1,1.2,32.9,71.3,1.2,3.1,0.1,6.43
Gauthier Gallon,Troyes,29, GK  ,19,1710,0,0.1,26.4,61.6,0,3.8,0,6.43
Dion Lopy,Reims,21, DMC  ,12(9),983,1,0.6,23.9,84.9,0,1.6,0,6.42
Stephy Mavididi,Montpellier,24," AM(LR),FW  ",11(3),846,1,0.2,12.7,76.4,0.1,0.2,0.1,6.42
Paul Bernardoni,Angers,25, GK  ,18,1620,0,0,20.7,64.6,0,3.7,0,6.42
Ross Barkley,Nice,29, M(CLR)  ,6(12),605,1,0.7,15.7,83,0.3,0.4,0,6.42
Colin Dagba,Strasbourg,24," D(R),M(R)  ",7(7),598,0,0.8,18.1,85.4,0.5,0.3,0,6.41
Christophe Hérelle,Brest,30, D(CR)  ,12(3),1051,0,0.2,28.7,86.3,0,1.9,0,6.41
Yoann Salmier,Troyes,30, D(C)  ,24,2062,0,0.1,45.5,83.5,0,2.4,0,6.40
Adrien Thomasson,Strasbourg,29, M(CLR)  ,10(5),938,2,1.1,34.1,82.8,0.3,0.9,0.1,6.40
Achraf Dari,Brest,23, D(C)  ,13(3),1150,0,0.1,37.6,79.5,0,3.7,0,6.40
Gaetan Perrin,Auxerre,26, AM(L)  ,10(15),958,1,0.5,11.3,76.7,0.2,0.6,0,6.40
Ruben Aguilar,Monaco,29," D(R),M(R)  ",8(6),691,0,0.1,27.8,83,0.3,0.9,0,6.40
Grejohn Kyei,Clermont Foot,27, FW  ,15(10),1300,2,0.2,10.9,69.2,0.1,0.4,0,6.40
Jeff Reine-Adélaïde,Lyon,25," AM(CLR),FW  ",1(13),325,0,0.6,22.4,89.8,0.1,0.5,0.1,6.39
Haris Belkebla,Brest,29, DMC  ,18(8),1689,0,0.3,29.8,84.3,0.1,1.3,0,6.39
Adrien Hunou,Angers,29," AM(CLR),FW  ",22(2),1706,1,0.6,21.8,76,0.1,0.3,0,6.39
Lassine Sinayoko,Auxerre,23, AM(R)  ,14(10),1264,2,0.6,17.7,77.8,0.3,0.5,0,6.38
Moussa Dembélé,Lyon,26, FW  ,8(11),803,0,0.2,9,72.5,0,0.1,0,6.37
Yasser Larouci,Troyes,22," D(L),M(L)  ",14(7),1188,0,0.5,20.7,77.2,0.4,0.3,0.1,6.37
Erik Palmer-Brown,Troyes,25, D(C)  ,24(2),2114,0,0.2,36.3,84,0,2,0,6.37
Rayan Raveloson,Auxerre,26," D(C),DMC  ",15(7),1366,0,0.2,24.2,85.7,0.2,1.7,0,6.37
Pablo Rosario,Nice,26," D(C),DMC  ",10(10),1113,0,0.7,30.5,89.2,0.1,1.6,0,6.37
Mitchell van Bergen,Reims,23," AM(LR),FW  ",5(16),704,1,0.8,8.3,77,0.4,0.1,0,6.36
Oumar Gonzalez,AC Ajaccio,25, D(C)  ,20,1758,0,0.1,38.9,82.9,0,1.4,0,6.36
Ibrahima Koné,Lorient,23, FW  ,8(17),891,1,0.4,8,65,0,0,0,6.36
Mathieu Coutadeur,AC Ajaccio,36, M(C)  ,13(3),1165,0,0.5,46.4,85.8,0.1,3.6,0.1,6.36
Romain Hamouma,AC Ajaccio,35," M(CLR),FW  ",11(4),862,2,0.9,15.6,82.1,0.7,0.4,0,6.36
Thierno Baldé,Troyes,20," D(R),M(R)  ",18(3),1531,0,0.6,26.1,83.8,0.1,0.5,0,6.36
Jean-Eudes Aholou,Strasbourg,28, DMC  ,11(9),903,0,0.4,19,74.4,0,1,0.2,6.35
Amine Salama,Angers,22, FW  ,12(12),1228,1,0.3,12.7,75.7,0.1,0.1,0,6.35
Souleyman Doumbia,Angers,26," D(L),M(L)  ",19,1540,0,0.5,32.9,80.6,0.5,1.2,0,6.35
Moussa Diarra,Toulouse,22, D(CL)  ,10(9),1027,1,0.3,24.2,84.8,0.2,0.8,0,6.35
Riad Nouri,AC Ajaccio,37, M(LR)  ,12(10),1223,1,1.1,18,72.4,1.2,0.5,0,6.35
Dennis Appiah,Nantes,30," D(CLR),M(R)  ",9(6),796,0,0.3,25.1,75.9,0.3,0.6,0,6.34
Jérémie Bela,Clermont Foot,29, M(LR)  ,7(7),641,1,0.2,11.9,73.7,0.2,0.1,0,6.34
Khalil Fayad,Montpellier,18, DMC  ,5(12),507,2,0.4,15.8,83.6,0.1,0.6,0.1,6.33
Andreas Bruus,Troyes,24," D(R),M(R)  ",13(5),1195,2,1.1,19.1,72.4,0.8,0.8,0,6.33
Florent Ogier,Clermont Foot,33, D(C)  ,13(4),1212,1,0.2,40.4,79.3,0,3.2,0,6.33
Pierrick Capelle,Angers,35," D(L),M(CLR)  ",10(9),954,2,0.5,23.5,85.9,0.4,0.9,0,6.33
Habib Diarra,Strasbourg,19, M(C)  ,9(8),856,0,0.4,18.8,77.4,0.1,0.8,0,6.33
Mohamed Bayo,Lille,24, FW  ,5(13),472,0,0.5,5.3,60,0,0.1,0,6.33
Billal Brahimi,Nice,22, Forward  ,3(15),491,2,0.6,10.6,81.7,0.4,0.2,0,6.32
Warren Zaïre-Emery,PSG,17, Midfielder  ,3(11),385,0,0,19.5,91.6,0,0.2,0,6.32
Benoît Costil,Auxerre,35, GK  ,19,1710,0,0,27.3,66.5,0,8.4,0,6.32
Bonke Innocent,Lorient,27, DMC  ,10(9),913,1,0.3,22.5,88.6,0,0.6,0,6.31
Enzo Tchato Mbiayi,Montpellier,20, D(R)  ,10(8),948,1,0.3,19.5,74.4,0.5,0.4,0,6.31
Birger Meling,Rennes,28," D(LR),DMC  ",5(13),605,0,0.1,19.7,86.8,0.1,0.8,0,6.30
Gauthier Hein,Auxerre,26, AM(R)  ,12(11),1052,0,0.7,17.8,87.3,0.4,1.7,0,6.30
Julian Jeanvier,Auxerre,30, D(C)  ,15,1247,0,0,39.2,85.4,0,2.7,0,6.30
Cédric Hountondji,Angers,29, D(C)  ,26,2328,0,0.1,43.3,86.7,0,2.3,0,6.30
Abdallah Sima,Angers,21," AM(R),FW  ",14(8),1256,0,0.5,10.2,76,0,0.2,0,6.29
Valère Germain,Montpellier,32," AM(CLR),FW  ",5(19),623,0,0.3,7.7,67.6,0.1,0,0,6.28
Ibrahima Sissoko,Strasbourg,25," D(C),DMC  ",8(8),807,0,0.2,21.9,75.5,0.2,0.9,0,6.27
Gerzino Nyamsi,Strasbourg,26, D(C)  ,13,1064,0,0.1,44.5,86,0,3.4,0,6.26
M'Baye Niang,Auxerre,28," AM(LR),FW  ",13(7),1075,0,0.2,10.8,63.9,0.1,0.4,0,6.26
Sébastien Corchia,Nantes,32," D(R),M(R)  ",4(15),604,1,0.3,11.2,74.5,0.4,0.5,0,6.26
Ismaël Diallo,AC Ajaccio,26, D(L)  ,18(2),1619,0,0.4,32.8,77,0.2,2.8,0.2,6.26
Marcus Coco,Nantes,26," M(LR),FW  ",3(14),313,0,0.2,7.2,77.9,0.2,0.3,0,6.25
Pablo Sarabia,PSG,30," D(L),M(CLR),FW  ",3(11),364,0,0.7,12.1,82.8,0.4,0.1,0.1,6.25
Iké Ugbo,Troyes,24, FW  ,5(11),422,1,0.1,3.2,70.6,0,0,0,6.25
Ismail Jakobs,Monaco,23," D(L),M(L)  ",5(17),605,2,0.3,15.4,72.2,0.5,0.2,0,6.25
Islam Slimani,Brest,34, FW  ,11(5),989,1,0.8,22.3,72.5,0.1,0.6,0.1,6.24
Ado Onaiwu,Toulouse,27, Forward  ,4(19),668,1,0.2,8.2,76.1,0,0.1,0,6.23
Benjamin Leroy,AC Ajaccio,33, GK  ,23,1989,0,0,23.9,56.3,0,6.8,0,6.23
Batista Mendy,Angers,23," D(C),DMC  ",23,1893,0,0.5,39.8,86.7,0.1,1.7,0,6.23
Youssouf M'Changama,Auxerre,32, M(C)  ,6(13),643,0,0.4,15.8,86.7,0.4,0.9,0.1,6.21
Cédric Avinel,AC Ajaccio,36, D(C)  ,15(2),1371,0,0,33.2,84.8,0,1.9,0,6.20
Eliot Matazo,Monaco,21, DMC  ,8(5),718,0,0,23.5,83,0,1.6,0,6.19
Clément Vidal,AC Ajaccio,22, D(C)  ,11(5),1012,0,0.1,29.7,76.6,0.1,2.9,0,6.18
Sada Thioub,Angers,27, M(LR)  ,5(14),553,1,0.5,12.8,81.9,0.3,0.2,0.1,6.17
Lebo Mothiba,Strasbourg,27, FW  ,1(13),260,0,0,4,73.2,0,0,0,6.15
Veljko Birmancevic,Toulouse,25, Midfielder  ,1(17),311,0,0.1,6.2,72.1,0,0.1,0,6.13
Karamoko Dembélé,Brest,20, Forward  ,0(14),149,0,0.2,4.6,72.3,0.3,0.1,0,6.06
