Name,Team,Age,Position,Apps,Minutes,Total goals,Total Assists,Shots per game,Key passes per game,Dribble,Fouled per game,Offsides per game,Dispossessed per game,Bad control per game,Rating
Cristiano Ronaldo,Juventus,38," M(L),FW  ",33,2919,31,5,6.3,1.5,1.6,1.8,0.9,1,2.2,7.82
Josip Ilicic,Atalanta,35," AM(CLR),FW  ",21(5),1673,15,5,3.1,2.1,2.3,2.3,0.1,1.8,2,7.65
Ciro Immobile,Lazio,33, FW  ,36(1),3176,36,9,3.8,1.6,0.6,1,0.6,0.8,2.6,7.57
Luis Alberto,Lazio,30," AM(CL),FW  ",36,3122,6,15,2.7,2.9,2,1.1,0,1.3,1.4,7.55
Papu Gómez,Atalanta,35," M(CLR),FW  ",34(2),2861,7,16,2.6,2.8,1.8,2.1,0.1,1.1,1.6,7.55
Zlatan Ibrahimovic,AC Milan,41, FW  ,16(2),1365,10,5,3.7,1.4,0.7,0.9,1.1,0.9,2,7.51
Edin Dzeko,Roma,36, FW  ,31(4),2884,16,7,3.5,1.5,1,1.4,0.5,1.1,2.4,7.48
Domenico Berardi,Sassuolo,28," AM(R),FW  ",29(2),2505,14,10,3.9,1.9,1.3,2.1,0.2,1,2.1,7.45
Paulo Dybala,Juventus,29," AM(CR),FW  ",25(8),2165,11,6,3,2.1,2,1.6,0.2,1.2,1.8,7.44
Duván Zapata,Atalanta,31, FW  ,25(3),2038,18,6,3.2,1.4,0.8,1.6,0.4,2.2,3.4,7.41
Romelu Lukaku,Inter,29," AM(R),FW  ",33(3),2984,23,2,2.8,1.5,0.6,0.6,0.6,1.9,1.9,7.30
Musa Barrow,Bologna,24," AM(CL),FW  ",14(4),1354,9,2,3.6,1.9,1.9,0.7,0.1,1,3.3,7.28
Sergej Milinkovic-Savic,Lazio,28, AM(C)  ,35(2),3038,7,4,2.4,1.3,1.1,1.2,0.2,1.3,2.2,7.27
Rodrigo De Paul,Udinese,28," AM(CLR),FW  ",33(1),2828,7,6,2.5,2.3,1.8,2.2,0.1,1.4,2.1,7.25
Robin Gosens,Atalanta,28," D(L),M(CL)  ",31(3),2628,9,8,1.5,1.2,0.5,1.1,0.2,0.3,1.1,7.22
Radja Nainggolan,Cagliari,34, M(C)  ,25(1),2082,6,7,2.5,1.9,1.5,1.1,0,1.7,2,7.21
Theo Hernández,AC Milan,25," D(L),M(L)  ",32(1),2819,6,3,1.5,1.3,1.7,2.1,0.2,0.6,1.5,7.19
Hakan Çalhanoglu,AC Milan,29," M(CLR),FW  ",34(1),2719,9,9,2.9,2,0.8,0.8,0,0.9,1.8,7.19
Jérémie Boga,Sassuolo,26," AM(CLR),FW  ",28(6),2525,11,2,1.7,1,3.9,1.6,0.3,1.4,1.9,7.17
Joaquín Correa,Lazio,28," AM(CL),FW  ",22(8),2005,9,2,2.6,1.1,1.7,1.6,0.2,0.9,1.9,7.16
Marcelo Brozovic,Inter,30, M(CR)  ,30(2),2703,3,6,1.7,1.2,0.8,0.6,0,0.6,1.2,7.15
Aleksandar Kolarov,Roma,37," D(CL),M(L)  ",30(2),2760,7,3,2.3,1.8,0.6,0.9,0.1,0.3,0.7,7.14
Manuel Locatelli,Sassuolo,25, M(C)  ,31(2),2597,0,5,1,1.5,1.5,1.8,0,0.9,1.2,7.13
Andrea Belotti,Torino,29, FW  ,34(2),3011,16,3,2.9,1.2,1.3,2.9,0.6,1.7,2.6,7.12
Dejan Kulusevski,Parma Calcio 1913,22," AM(CR),FW  ",33(3),2938,10,8,1.7,2.2,2.1,1.1,0.2,2.3,3.5,7.12
Juan Cuadrado,Juventus,34," D(R),M(CLR),FW  ",28(5),2652,2,5,0.6,1.3,1.3,2.4,0.1,0.8,1,7.11
Lorenzo Insigne,Napoli,31," AM(CL),FW  ",34(3),2823,8,6,3.3,2.3,1.5,0.8,0.2,1.3,1.6,7.11
Rodrigo Bentancur,Juventus,25, M(C)  ,25(5),2199,0,7,0.5,1.5,1.2,0.9,0.1,0.6,0.8,7.10
Henrikh Mkhitaryan,Roma,34," M(CLR),FW  ",16(6),1536,9,5,2,1.2,1,1.2,0,0.9,1.7,7.09
Filippo Falco,Lecce,31," AM(CR),FW  ",24(6),2021,4,6,1.9,1.8,2,2.8,0.2,1.2,1.2,7.08
Francesco Caputo,Sassuolo,35, FW  ,33(3),2937,21,7,2,1.5,0.6,1.3,0.6,1.2,1.6,7.08
Miralem Pjanic,Juventus,32, M(C)  ,28(2),2286,3,6,0.7,1.9,0.5,0.8,0,0.4,0.9,7.08
Ismaël Bennacer,AC Milan,25, DMC  ,28(3),2488,1,0,0.5,0.9,2.4,1.2,0,1,1.3,7.07
Diego Godín,Inter,37, D(C)  ,18(5),1630,1,1,0.5,0.4,0.7,0.7,0.1,0.5,0.4,7.07
Federico Chiesa,Fiorentina,25," M(CLR),FW  ",31(3),2651,10,6,3.3,1.4,1.5,1.4,0.2,1.4,1.9,7.05
Lorenzo Pellegrini,Roma,26, M(CL)  ,26(1),2109,1,9,2.1,2.4,0.9,1.2,0.1,0.7,2.6,7.05
João Pedro,Cagliari,31," AM(CLR),FW  ",35(1),3187,18,4,2.4,0.9,0.7,2.1,0.3,1,2.4,7.05
Miguel Veloso,Verona,36, M(C)  ,32(2),2817,3,4,1.1,1.7,0.9,0.4,0,0.4,0.8,7.05
Franck Ribéry,Fiorentina,39," AM(CL),FW  ",19(2),1426,3,3,1.1,1.7,2.5,1.9,0.1,2.4,2.7,7.04
Erick Pulgar,Fiorentina,29, DMC  ,32(5),2948,7,6,0.9,2.2,0.3,0.9,0.1,0.4,0.9,7.03
Andreas Cornelius,Parma Calcio 1913,29, FW  ,17(9),1492,12,3,1.8,0.8,0.5,1.2,0.1,1.4,2.4,7.03
Fabián Ruiz,Napoli,26, M(CL)  ,30(3),2689,3,6,2.2,1.5,1,0.8,0,0.9,0.9,7.03
Jesse Joronen,Brescia,29, GK  ,29,2610,0,0,0,0,0,0.1,0,0,0,7.01
Chris Smalling,Roma,33, D(CR)  ,29(1),2596,3,2,0.6,0.3,0.2,0.3,0,0.1,0.2,7.00
Ruslan Malinovskyi,Atalanta,29," M(CR),FW  ",12(22),1523,8,3,2.3,1.4,1.4,1.6,0.1,1.2,1.6,7.00
Marco Faraoni,Verona,31," D(R),M(R)  ",36,3229,5,3,1.2,0.9,0.8,1.1,0.1,0.4,1.2,6.99
Lautaro Martínez,Inter,25, FW  ,29(6),2467,14,3,3.6,0.9,1.1,2.1,0.6,1.3,2.9,6.99
Juraj Kucka,Parma Calcio 1913,36, M(CLR)  ,22(4),1934,6,3,1.8,0.7,1,2.1,0.1,1.2,1.7,6.98
Francesco Acerbi,Lazio,35, D(C)  ,36,3166,2,2,0.4,0.2,0.4,1.1,0.1,0.2,0.3,6.98
Alex Sandro,Juventus,32," D(CL),M(L)  ",27(2),2386,1,3,0.6,1.1,1.3,1.6,0,0.6,0.8,6.97
Gastón Ramírez,Sampdoria,32," AM(CLR),FW  ",19(7),1403,7,2,1.5,1.3,1.8,1.6,0.1,1,1.9,6.96
José Luis Palomino,Atalanta,33, D(C)  ,28(2),2483,2,1,0.5,0.2,0.2,0.6,0,0.1,0.7,6.96
Dries Mertens,Napoli,35," AM(CLR),FW  ",18(13),1688,9,7,2.5,1.7,0.7,0.8,0.2,0.6,0.8,6.96
Wojciech Szczesny,Juventus,32, GK  ,29,2592,0,0,0,0,0,0.1,0,0,0,6.96
Ashley Young,Inter,37," D(LR),M(LR)  ",13(5),1187,4,4,0.8,1.2,0.8,1.2,0.2,0.2,0.8,6.96
Luis Muriel,Atalanta,31," AM(CL),FW  ",10(24),1246,18,1,2.3,1.1,0.9,0.8,0.1,1.2,1.9,6.95
Gaetano Castrovilli,Fiorentina,26, M(C)  ,31(2),2681,3,2,1.5,1.1,2.8,2.4,0,1.9,2.6,6.94
Mario Pasalic,Atalanta,28, M(CLR)  ,30(5),2426,9,5,1.7,1.2,0.6,0.7,0,0.7,1.3,6.94
Alexis Sánchez,Inter,34," M(CLR),FW  ",10(12),918,4,8,1,1.5,1,1.5,0.4,0.8,1.5,6.94
Juan Musso,Udinese,28, GK  ,38,3420,0,0,0,0.1,0,0.1,0,0,0.1,6.93
Roberto Gagliardini,Inter,28, DMC  ,21(3),1805,4,2,1.4,0.8,0.4,1,0.2,0.6,1.1,6.92
Stefan de Vrij,Inter,31, D(C)  ,32(2),2830,4,3,0.6,0.3,0.2,0.3,0,0,0.3,6.92
Bremer,Torino,25, D(C)  ,27,2276,3,1,0.5,0.2,0.6,0.7,0.1,0.3,0.6,6.92
Roberto Soriano,Bologna,32, AM(CLR)  ,29,2480,5,5,1.3,1.9,1,1.6,0.1,1,1.1,6.91
Berat Djimsiti,Atalanta,30, D(C)  ,32(2),2791,2,1,0.6,0.4,0.2,1.1,0,0.2,0.5,6.91
Marten de Roon,Atalanta,31," D(C),DMC  ",29(6),2718,2,5,0.9,1,0.3,0.6,0,0.3,0.6,6.90
Seko Fofana,Udinese,27, M(C)  ,24(8),2252,3,7,1.4,1.5,2.2,0.6,0,1,1.2,6.89
Riccardo Orsolini,Bologna,26," M(CR),FW  ",32(5),2694,8,6,2.4,1.5,1.4,2.1,0.4,1.3,2.3,6.89
Alex Berenguer,Torino,27," D(LR),M(CLR),FW  ",21(8),1828,6,2,1.4,1.2,2.2,1.4,0.3,1.7,1.9,6.88
Arkadiusz Milik,Napoli,29," AM(C),FW  ",19(7),1751,11,0,2.6,0.8,0.3,1.1,0.5,0.6,1.5,6.88
Nicolò Zaniolo,Roma,23," AM(CR),FW  ",16(10),1535,6,2,1.8,0.9,2.2,1.7,0.1,1.8,2,6.87
Cengiz Ünder,Roma,25, M(CLR)  ,10(8),873,3,0,1.5,1.5,1.8,0.9,0,0.6,1.4,6.87
Luigi Sepe,Parma Calcio 1913,31, GK  ,34,3060,0,0,0,0.1,0,0.1,0,0,0,6.87
Senad Lulic,Lazio,37," D(L),M(CL)  ",20,1584,0,2,0.8,1.1,1.3,0.6,0.4,0.9,0.8,6.87
Lucas Leiva,Lazio,36," D(C),M(C)  ",23(2),1818,0,1,0.4,0.8,0.2,0.8,0,0.4,0.6,6.87
Giovanni Di Lorenzo,Napoli,29," D(CLR),M(R)  ",33,2970,3,3,0.6,0.9,0.6,1.6,0.1,0.6,1,6.86
Marko Rog,Cagliari,27, M(C)  ,28(2),2359,1,1,1,1,1.8,1.4,0,1.2,1.4,6.86
Sandro Tonali,Brescia,22, DMC  ,34(1),3019,1,7,0.8,1.9,1.1,1.7,0,0.9,1.4,6.86
Alessio Romagnoli,AC Milan,28, D(CL)  ,35,3092,1,0,0.4,0.3,0.1,0.6,0,0,0.2,6.86
Hernani,Parma Calcio 1913,28, M(CL)  ,27(5),2422,0,4,1.1,0.9,1.1,0.6,0.1,0.7,0.9,6.86
Riccardo Gagliolo,Parma Calcio 1913,32, D(CL)  ,31(1),2606,3,2,1,0.7,0.5,1.2,0.1,0.2,0.6,6.85
Etrit Berisha,SPAL 2013,34, GK  ,26,2340,0,0,0,0,0,0.2,0,0,0,6.85
Ante Rebic,AC Milan,29," AM(CLR),FW  ",15(11),1400,11,3,1.6,1.2,0.9,0.5,0.1,0.8,2.1,6.85
Salvatore Sirigu,Torino,36, GK  ,36,3240,0,0,0,0.1,0,0.1,0,0,0,6.85
Domenico Criscito,Genoa,36," D(CL),M(L)  ",24(2),2056,8,0,0.9,0.8,0.3,1.6,0,0.3,0.5,6.84
Gonzalo Higuaín,Juventus,35, FW  ,20(12),1868,8,4,2.3,1.2,0.7,0.5,0.4,0.6,1.1,6.84
Mário Rui,Napoli,31," D(L),M(L)  ",22(2),1969,0,2,1.3,1.5,1,2.3,0.1,0.6,0.7,6.83
Fabio Quagliarella,Sampdoria,40, FW  ,26(2),2284,11,3,3.6,1.3,0.5,1.1,0.8,0.9,2.1,6.83
Samu Castillejo,AC Milan,28, AM(CLR)  ,17(6),1216,2,3,1.3,1.9,0.9,0.9,0.3,0.9,1.4,6.83
Rodrigo Palacio,Bologna,41," AM(CLR),FW  ",28(7),2522,7,3,1.7,1.5,1,1.5,0.8,1.4,3.1,6.83
Gianluca Lapadula,Lecce,33, FW  ,20(5),1787,11,0,2.4,0.9,0.7,2.3,1,1.4,2.1,6.83
Adrien Rabiot,Juventus,27," DMC,M(L)  ",21(7),1914,1,1,0.7,0.5,1.3,1,0,0.9,1.2,6.82
Manolo Gabbiadini,Sampdoria,31," AM(CLR),FW  ",24(9),2043,11,1,2.6,1.2,0.4,1.2,0.5,0.8,1.2,6.82
Stefan Radu,Lazio,36, D(CL)  ,28(1),2316,1,0,0.1,0.4,0.6,0.7,0,0.1,0.4,6.82
Takehiro Tomiyasu,Bologna,24, D(CLR)  ,29,2532,1,3,0.7,0.6,1.1,1,0,0.6,1,6.81
Filip Djuricic,Sassuolo,31," AM(CLR),FW  ",19(10),1640,5,5,1.4,1.3,1.2,1.6,0.1,1.2,1.5,6.81
Thomas Strakosha,Lazio,27, GK  ,38,3420,0,0,0,0.1,0,0.1,0,0,0,6.81
Antonio Candreva,Inter,36, M(CLR)  ,24(8),2003,5,7,1.3,1.5,0.3,0.6,0.4,0.3,0.9,6.81
Gianluigi Donnarumma,AC Milan,24, GK  ,36,3202,0,0,0,0,0,0.1,0,0,0,6.81
Ken Sema,Udinese,29," D(L),M(CLR)  ",30(2),2466,2,1,0.5,1.2,1.6,0.5,0.1,0.8,1.3,6.80
Cristian Romero,Genoa,24, D(C)  ,30,2581,1,1,0.5,0.3,0.6,0.8,0.1,0.1,0.3,6.80
Rafael Tolói,Atalanta,32, D(C)  ,29(4),2606,2,6,0.8,0.5,0.3,0.5,0.1,0.2,0.5,6.80
Remo Freuler,Atalanta,30, DMC  ,28(3),2344,2,2,0.6,0.8,0.5,1.1,0,0.6,1.1,6.80
Darko Lazovic,Verona,32, M(CLR)  ,37(1),3248,3,7,0.9,1.4,1,0.4,0.5,0.5,1.1,6.80
Nicolò Barella,Inter,26, AM(C)  ,23(4),2018,1,4,0.9,0.9,1.3,1.4,0.1,0.9,1.4,6.80
Amir Rrahmani,Verona,29, D(CL)  ,36,3229,0,1,1.2,0.4,0.3,0.5,0,0.4,0.4,6.80
Tomás Rincón,Torino,35, M(CR)  ,31(1),2708,1,3,0.5,0.9,0.9,1.5,0,0.8,1.3,6.80
Piotr Zielinski,Napoli,28, M(CLR)  ,32(5),2926,2,4,2.1,1.4,1.2,1.5,0,1,1,6.79
Marash Kumbulla,Verona,23, D(C)  ,25,1958,1,0,0.4,0.1,0.1,1,0,0.2,0.4,6.79
Marco Silvestri,Verona,32, GK  ,35,3150,0,0,0,0,0,0.1,0,0,0,6.79
Nikola Maksimovic,Napoli,31," D(CR),M(R)  ",21(2),1801,1,1,0.2,0.3,0.4,0.3,0,0.1,0.3,6.79
Matthijs de Ligt,Juventus,23, D(C)  ,26(3),2448,4,0,0.6,0.1,0,0.6,0,0.1,0.3,6.79
Cristian Ansaldi,Torino,36," D(CLR),M(CLR)  ",21(6),1773,4,4,1.1,1.2,1.3,1.1,0.1,1.1,1.5,6.78
Lasse Schöne,Genoa,36, M(CLR)  ,29(3),2434,2,3,1.1,1.3,0.9,1,0,1.1,0.9,6.78
Mattia Zaccagni,Verona,27," AM(CL),FW  ",26(8),2127,2,5,0.8,1,1.8,2.4,0.3,0.9,1.5,6.78
Simone Verdi,Torino,30," AM(CLR),FW  ",26(7),2085,2,6,1.6,1.4,1.5,1.4,0.1,0.9,1.5,6.78
Gianluca Mancini,Roma,26," D(C),DMC  ",31(1),2773,1,0,0.7,0.4,0.3,0.8,0.1,0.3,0.3,6.78
Andrea Petagna,SPAL 2013,27, FW  ,33(3),3034,12,1,3.1,1,1.5,2,0.4,2.1,2.6,6.78
Germán Pezzella,Fiorentina,31, D(C)  ,33,2833,3,1,1,0.2,0,0.7,0,0.1,0.2,6.78
Ola Aina,Torino,26," D(CLR),M(LR)  ",20(12),2077,0,2,0.4,0.7,1.5,1.1,0.1,0.7,1,6.77
Danilo D'Ambrosio,Inter,34," D(CLR),M(LR)  ",15(7),1399,4,0,0.3,0.3,0.4,0.9,0.2,0.3,0.8,6.77
Sofyan Amrabat,Verona,26, DMC  ,33(1),2929,1,1,0.6,0.9,2.2,1.8,0,1.6,1.7,6.77
Karol Linetty,Sampdoria,28, M(CLR)  ,22(6),2022,4,3,1.1,1,1.3,1.2,0,0.9,1.8,6.77
Cristiano Biraghi,Inter,30," D(L),M(L)  ",18(8),1579,2,6,0.3,1.2,0.4,0.8,0.1,0.1,0.7,6.77
Ernesto Torregrossa,Brescia,30, FW  ,22(3),1852,7,3,2.5,0.8,1.2,3.3,0.6,1.7,3.2,6.77
Mattia Bani,Bologna,29, D(C)  ,26(1),2211,4,0,0.6,0.1,0,1.3,0,0.1,0.5,6.77
Alessandro Bastoni,Inter,23, D(C)  ,21(4),1922,2,0,0.3,0.5,0.4,1.1,0,0.3,0.5,6.76
Luiz Felipe,Lazio,25, D(C)  ,24(2),2030,1,1,0.3,0.2,0.2,0.6,0.1,0.2,0.4,6.76
Jasmin Kurtic,Parma Calcio 1913,34, M(CL)  ,18(2),1667,2,1,1.2,1.2,0.4,0.9,0.1,0.5,1,6.76
Douglas Costa,Juventus,32, M(CLR)  ,7(16),793,1,4,0.8,1.3,1.9,0.4,0.1,0.7,1.1,6.75
Armando Izzo,Torino,31, D(C)  ,30(1),2688,1,0,0.4,0.5,0.3,1.1,0,0.2,0.4,6.75
José Callejón,Napoli,36," M(LR),FW  ",25(8),2176,4,7,1.3,1.9,0.3,1.3,0.3,0.2,0.6,6.75
Franck Kessie,AC Milan,26, M(C)  ,33(2),2912,4,1,1.1,0.9,0.7,0.6,0,1,1.5,6.75
Stefano Sabelli,Brescia,30," D(R),M(R)  ",36,3169,0,3,0.4,1.1,0.7,2.2,0,0.4,1.3,6.75
Koray Günter,Verona,28, D(C)  ,31(1),2735,0,0,0.2,0.1,0.2,0.4,0,0.1,0.4,6.75
Nikola Milenkovic,Fiorentina,25, D(CR)  ,36(1),3257,5,0,0.8,0.2,0.2,0.5,0,0.2,0.5,6.75
Samir Handanovic,Inter,38, GK  ,35,3150,0,0,0,0.1,0,0.2,0,0,0,6.74
Jordan Veretout,Roma,30, M(C)  ,30(3),2663,6,0,0.9,1.2,0.9,0.5,0,0.4,0.8,6.74
Matteo Pessina,Verona,25, AM(CR)  ,27(8),2487,7,0,0.9,0.6,0.7,1.5,0.2,0.9,1.7,6.74
Omar Colley,Sampdoria,30, D(C)  ,30(1),2771,0,1,0.8,0.3,0.1,0.5,0.1,0.1,0.4,6.73
Luca Cigarini,Cagliari,36, M(C)  ,19(3),1634,0,4,0.3,2,0.3,1.3,0,0.4,0.8,6.73
Justin Kluivert,Roma,23, AM(LR)  ,19(3),1554,4,1,1.5,1,1.5,1.3,0,0.8,1.6,6.73
Gabriel Vasconcelos,Lecce,30, GK  ,34,2998,0,0,0,0,0,0.1,0,0,0,6.73
Mattia Valoti,SPAL 2013,29, AM(CL)  ,18(9),1533,3,1,1.1,0.9,1.2,1.7,0.1,0.9,1.6,6.73
Stefano Okaka,Udinese,33, FW  ,28(5),2423,8,2,1.7,0.8,1.3,2,0.6,2.1,2.6,6.72
Andrea Consigli,Sassuolo,36, GK  ,31,2790,0,0,0,0.1,0,0.1,0,0,0,6.72
Kalidou Koulibaly,Napoli,31, D(C)  ,24(1),2108,0,0,0.6,0.4,0.4,0.6,0,0.2,0.4,6.72
Giovanni Simeone,Cagliari,27," AM(R),FW  ",34(3),2939,12,3,2.4,0.5,0.9,1.4,0.6,1.4,3,6.72
Antonio Sanabria,Genoa,27, FW  ,16(8),1392,6,2,1.7,0.6,0.9,1.1,0.2,0.7,2,6.72
Rafael Leão,AC Milan,23," AM(CL),FW  ",12(19),1397,6,1,1.4,1,1.3,0.5,0.2,0.7,1.4,6.72
Timothy Castagne,Atalanta,27," D(CLR),M(LR)  ",19(8),1764,1,2,0.7,0.8,0.5,0.3,0.2,0.4,0.9,6.72
Mario Balotelli,Brescia,32, FW  ,16(3),1409,5,0,3.8,0.5,0.5,2.7,0.4,0.5,1.8,6.71
Giacomo Bonaventura,AC Milan,33, M(CLR)  ,13(16),1327,3,5,1.5,0.9,0.8,1.1,0.1,0.6,1.2,6.71
Konstantinos Manolas,Napoli,31, D(C)  ,25(1),2178,4,0,0.7,0.1,0,0.6,0,0.1,0.3,6.71
Amadou Diawara,Roma,25, DMC  ,19(3),1523,1,1,0.5,0.7,0.5,0.8,0,0.1,0.2,6.71
Dimitri Bisoli,Brescia,28, M(C)  ,24(1),2154,1,1,1,0.8,0.8,1.8,0.2,1.4,1.6,6.70
Nicola Sansone,Bologna,31," AM(LR),FW  ",26(7),2274,4,3,2.4,1.4,1.3,2.3,0.2,1.4,1.6,6.70
Leonardo Bonucci,Juventus,35, D(C)  ,36,3086,3,0,0.6,0.3,0.1,0.5,0,0.1,0.2,6.70
Elseid Hysaj,Napoli,29," D(LR),M(R)  ",17(3),1485,1,2,0.3,1.1,0.7,0.9,0,0.3,0.4,6.69
Bartlomiej Dragowski,Fiorentina,25, GK  ,31,2790,0,0,0,0,0,0.2,0,0,0.1,6.69
Bram Nuytinck,Udinese,32, D(C)  ,26,2229,0,0,0.2,0.3,0.1,0.3,0,0,0.2,6.69
Paolo Faragò,Cagliari,30," D(R),DMC,M(R)  ",14(7),1338,1,1,0.6,0.7,0.6,0.7,0,0.5,0.9,6.69
Albin Ekdal,Sampdoria,33, M(C)  ,27(5),2389,0,2,0.5,0.7,0.8,1.8,0,0.8,1.1,6.68
Diego Perotti,Roma,34," M(CLR),FW  ",10(11),875,5,3,0.7,1,1.4,1.1,0,0.7,0.3,6.68
Felipe Caicedo,Lazio,34, FW  ,18(12),1413,9,2,1,0.8,0.4,0.7,0.3,0.7,1.1,6.68
Matías Vecino,Inter,31, M(C)  ,14(6),1281,2,2,1.4,0.8,0.3,0.6,0.2,0.6,0.6,6.68
Leonardo Spinazzola,Roma,29," D(LR),M(L)  ",18(6),1549,1,2,0.6,0.9,1,0.1,0,0.4,1.1,6.67
Soualiho Meïté,Torino,28, M(C)  ,23(10),2194,0,2,0.7,0.7,1.9,1.1,0,1.1,1.4,6.67
Gervinho,Parma Calcio 1913,35," M(LR),FW  ",27(4),2282,7,4,1.8,0.8,1.6,0.4,0.6,1.3,2.4,6.67
Nicolas Nkoulou,Torino,32, D(C)  ,30(1),2692,1,0,0.3,0.1,0.3,0.8,0,0.3,0.4,6.67
Davide Biraschi,Genoa,28," D(CR),M(R)  ",22(2),1974,0,1,0.3,0.3,1.5,1,0,0.9,1,6.67
Rolando Mandragora,Udinese,25, DMC  ,24(2),2054,0,2,2.1,1.3,0.5,0.8,0,0.6,1,6.67
Dalbert,Fiorentina,29," D(L),DMC,M(L)  ",29(2),2492,0,5,0.6,1.2,0.5,1.1,0.1,0.7,1.1,6.66
Simone Zaza,Torino,31, FW  ,16(8),1639,6,1,2,0.5,0.4,1.4,0.4,1.1,3.4,6.66
Hans Hateboer,Atalanta,29," D(R),M(R)  ",25(7),2355,0,4,0.6,1.4,0.3,0.6,0.2,0.6,0.9,6.66
Federico Mattiello,Cagliari,27, M(LR)  ,9(9),955,0,1,0.4,0.4,0.6,1.3,0.1,0.7,0.8,6.66
Allan,Napoli,32, DMC  ,16(7),1281,2,1,0.5,0.7,0.8,1,0,0.7,1.3,6.66
Danilo,Juventus,31," D(CLR),DMC  ",16(6),1442,2,0,0.6,0.7,0.7,0.6,0.1,0.1,0.5,6.66
Morten Thorsby,Sampdoria,26, M(CLR)  ,21(3),1867,1,1,0.8,0.8,0.3,0.3,0.1,0.3,1,6.66
Rodrigo Becão,Udinese,27, D(C)  ,24(5),2212,1,1,0.2,0.1,0,0.9,0,0.2,0.4,6.66
Simone Missiroli,SPAL 2013,36, M(C)  ,31(3),2800,1,0,0.4,0.5,0.7,0.8,0,0.5,0.9,6.65
Lukasz Skorupski,Bologna,31, GK  ,37,3330,0,0,0,0,0,0.1,0,0,0,6.65
Nahitan Nández,Cagliari,27, M(CLR)  ,32(3),2932,2,3,0.7,1,1.1,1.4,0.2,1.1,1.3,6.65
Cristián Zapata,Genoa,36, D(C)  ,19(1),1717,1,0,0.6,0.3,0.3,0.6,0,0.1,0.4,6.64
Mert Müldür,Sassuolo,23, D(R)  ,13(11),1271,2,1,0.5,0.4,0.7,0.7,0,0.4,0.8,6.64
Milan Badelj,Fiorentina,34, M(C)  ,20(2),1593,1,0,0.7,1,0.9,0.9,0,0.8,0.9,6.64
Aaron Ramsey,Juventus,32, M(CLR)  ,11(13),1049,3,1,1.2,0.8,0.6,0.8,0.1,0.8,1.2,6.63
Marco Mancosu,Lecce,34, AM(C)  ,28(5),2445,14,2,2.5,0.9,0.6,0.5,0.3,0.6,1.7,6.63
Federico Bonazzoli,Sampdoria,25," AM(C),FW  ",7(12),743,6,0,2.3,0.6,0.5,1.8,0.2,0.5,0.9,6.63
Giulio Donati,Lecce,33," D(LR),M(R)  ",20,1762,1,0,0.5,1.3,0.5,1.5,0,0.5,0.8,6.63
Davide Calabria,AC Milan,26," D(LR),M(R)  ",16(9),1623,1,1,0.5,0.5,0.4,0.9,0,0.1,0.8,6.62
Jhon Chancellor,Brescia,31, D(C)  ,26,2246,3,0,0.5,0,0.2,0.3,0.1,0.2,0.5,6.62
Marlon Santos,Sassuolo,27, D(C)  ,22(2),1821,0,0,0.2,0.4,0.1,0.5,0,0.1,0.3,6.61
Milan Skriniar,Inter,28, D(C)  ,30(2),2628,0,0,0.4,0.3,0.2,0.8,0,0.3,0.3,6.61
Sebastien De Maio,Udinese,36, D(C)  ,17(4),1502,0,0,0.4,0,0,0.4,0.1,0.1,0.3,6.60
Thiago Cionek,SPAL 2013,36, D(CR)  ,23(5),2166,0,1,0.4,0.6,0.4,1.9,0,0.4,0.7,6.59
Andrea Poli,Bologna,33, M(CL)  ,22(6),1926,2,0,0.9,0.6,0.5,1,0,0.5,0.7,6.59
Pol Lirola,Fiorentina,25," D(R),M(LR)  ",30(5),2655,0,2,0.7,1,1.3,0.2,0,0.4,1.1,6.59
Kevin Lasagna,Udinese,30," AM(CL),FW  ",28(8),2573,10,1,2.2,0.6,0.3,0.9,0.4,0.8,2.2,6.59
Hamed Traorè,Sassuolo,23, AM(CLR)  ,20(11),1577,4,1,1.5,1,0.8,0.7,0.2,0.8,1,6.59
Pau López,Roma,28, GK  ,32,2910,0,0,0,0,0,0.1,0,0,0.1,6.59
Pedro Obiang,Sassuolo,30, DMC  ,18(7),1670,1,1,0.9,0.6,0.8,0.8,0,0.5,0.7,6.59
Gastón Brugman,Parma Calcio 1913,30, M(C)  ,17(6),1465,0,2,0.4,0.5,0.4,0.8,0,0.4,0.3,6.59
Samir,Udinese,28, D(CL)  ,16(5),1542,1,0,0.2,0.3,0.2,1.1,0,0.1,0.4,6.58
Andrea Conti,AC Milan,29," D(R),M(R)  ",21(2),1729,0,2,0,0.5,0.3,1,0,0.3,0.6,6.58
Matteo Darmian,Parma Calcio 1913,33," D(CLR),M(LR)  ",30(3),2685,1,1,0.2,0.4,0.3,1.4,0.1,0.4,0.7,6.58
Emil Audero,Sampdoria,26, GK  ,36,3240,0,0,0,0,0,0.1,0,0,0,6.57
Martín Cáceres,Fiorentina,35," D(CLR),M(R)  ",27,2359,1,0,0.4,0.6,0,0.6,0,0.1,0.3,6.57
Manuel Lazzari,Lazio,29," D(R),M(R)  ",29(3),2555,0,3,0.5,1.1,1,1.3,0.2,0.5,1.2,6.57
Bruno Alves,Parma Calcio 1913,41, D(C)  ,31(2),2673,0,0,0.7,0.2,0,0.4,0,0.1,0.2,6.57
Walace,Udinese,27, DMC  ,12(8),1137,0,0,0.6,0.5,0.7,0.8,0.1,0.9,1.7,6.56
Andrea Pinamonti,Genoa,23, FW  ,23(9),2242,5,1,1.6,0.5,0.6,1.6,0.5,1.6,2.2,6.56
Gary Medel,Bologna,35," D(C),DMC  ",22(1),1796,0,0,0.2,0.4,0.6,1.2,0,0.4,0.6,6.56
Mirko Valdifiori,SPAL 2013,36, DMC  ,15(7),1401,0,3,0.2,1.7,0.4,0.6,0,0.3,0.5,6.56
Charalampos Lykogiannis,Cagliari,29," D(CL),M(L)  ",14(6),1339,0,1,0.7,0.4,0.6,0.7,0.2,0.3,0.9,6.56
Danilo,Bologna,38, D(C)  ,30,2642,2,0,0.3,0.2,0.1,0.8,0.1,0,0.4,6.56
Marco Parolo,Lazio,38, M(C)  ,17(12),1696,1,0,0.6,0.3,0.1,0.2,0,0.2,0.6,6.56
Jens Stryger Larsen,Udinese,32," D(CLR),M(LR)  ",32(1),2796,1,3,0.4,0.7,0.5,0.2,0,0.4,0.9,6.56
Rachid Ghezzal,Fiorentina,30, AM(CLR)  ,9(10),826,1,0,0.6,0.9,0.7,0.8,0.1,0.9,1,6.56
Patric,Lazio,29," D(CR),M(R)  ",19(2),1677,0,0,0.3,0.2,0.2,0.5,0,0,0.3,6.56
Pierluigi Gollini,Atalanta,27, GK  ,33,2884,0,0,0,0,0,0.3,0,0,0,6.56
Borja Valero,Inter,38, M(CL)  ,9(10),923,2,0,0.6,0.5,0.4,0.7,0.1,0.4,0.5,6.55
Mateo Musacchio,AC Milan,32, D(C)  ,17(1),1467,0,0,0.3,0.6,0.2,0.6,0,0.2,0.5,6.55
Jacopo Petriccione,Lecce,28, M(C)  ,24(7),2143,0,5,0.6,1.3,0.6,0.9,0,0.5,0.6,6.55
Luca Pellegrini,Cagliari,24," D(L),M(L)  ",22(2),1914,0,5,0.6,0.9,1.3,0.9,0,0.9,1.5,6.55
Bartosz Bereszynski,Sampdoria,30," D(CLR),M(R)  ",27(1),2404,0,0,0.6,0.3,0.5,0.8,0,0.5,0.6,6.54
Fabio Depaoli,Sampdoria,25," D(R),DMC,M(LR)  ",21(8),1857,0,1,0.9,1,0.7,1,0.1,0.5,1,6.54
Andrea Cistana,Brescia,25, D(C)  ,21,1839,1,0,0.3,0.1,0.1,0.7,0,0,0.4,6.54
Gian Marco Ferrari,Sassuolo,30, D(C)  ,21(2),1896,0,1,0.5,0.3,0.1,0.6,0,0.2,0.3,6.54
Simone Iacoponi,Parma Calcio 1913,35, D(CR)  ,34(2),3054,2,0,0.3,0.1,0.1,1,0,0.2,0.4,6.53
Lucas Paquetá,AC Milan,25," M(CLR),FW  ",12(12),1102,0,1,1.4,0.8,1,1,0.1,1.5,1.4,6.53
Jeremy Toljan,Sassuolo,28," D(LR),M(LR)  ",25(4),2190,1,2,0.3,1,0.6,0.7,0.1,0.6,1,6.53
Blaise Matuidi,Juventus,35, M(CL)  ,23(12),2232,0,2,0.4,0.5,0.3,0.7,0.1,0.5,1.1,6.53
William Troost-Ekong,Udinese,29, D(C)  ,29(1),2577,0,0,0.2,0.1,0.1,0.3,0,0.2,0.2,6.53
Bryan Cristante,Roma,28," D(C),M(C)  ",18(8),1644,1,3,1.1,0.8,0.4,0.2,0,0.5,0.6,6.53
Jakub Jankto,Sampdoria,27, M(CLR)  ,25(5),2104,2,4,1.4,1.5,0.2,0.5,0.1,0.4,0.8,6.52
Panagiotis Tachtsidis,Lecce,32, DMC  ,24(4),2006,0,2,1,0.9,0.7,1,0,0.6,1,6.52
Federico Bernardeschi,Juventus,29," M(CLR),FW  ",19(10),1576,1,1,1.7,1.2,0.8,0.8,0.2,0.8,1.4,6.52
Hirving Lozano,Napoli,27," AM(LR),FW  ",10(16),1021,4,1,1.3,0.8,0.9,1.4,0.2,0.6,1,6.52
Samuel Di Carmine,Verona,34, FW  ,17(5),1303,8,0,1.5,0.3,0.1,1.2,0.8,0.6,1.3,6.52
Marco Calderoni,Lecce,34, D(L)  ,24(2),2066,3,2,0.9,0.8,0.3,1.4,0.1,0.3,1,6.52
Antonino Barillà,Parma Calcio 1913,34, M(C)  ,20(6),1691,1,2,0.7,0.6,0.2,0.8,0.1,0.4,1,6.51
Mato Jajalo,Udinese,34, M(C)  ,19(7),1653,0,0,0.6,0.5,1.1,1,0,0.6,0.8,6.51
Filippo Romagna,Sassuolo,25, D(C)  ,16(2),1477,0,0,0.1,0.2,0.1,0.7,0,0,0.2,6.50
Krzysztof Piatek,AC Milan,27, FW  ,14(4),1190,4,0,2.7,0.9,0.3,1.5,0.3,1.4,2.2,6.50
Mattia Perin,Genoa,30, GK  ,21,1890,0,0,0,0.1,0,0,0,0,0,6.49
Valerio Verre,Verona,29," AM(CL),FW  ",22(10),1786,3,2,1.3,0.9,0.4,0.9,0.2,0.9,1.9,6.49
Ivan Radovanovic,Genoa,34," D(C),DMC  ",15(4),1318,0,1,0.8,0.8,0.1,0.8,0,0.3,0.6,6.49
Francesco Magnanelli,Sassuolo,38, DMC  ,15(7),1394,0,0,0.4,0.6,0.3,1.6,0,0.2,0.6,6.49
Patrick Cutrone,Fiorentina,25, FW  ,9(10),842,4,1,1.1,0.3,0.3,0.5,0.6,0.5,1.9,6.48
Jerdy Schouten,Bologna,26, DMC  ,13(6),1083,0,0,0.4,0.5,0.9,0.2,0,0.7,0.9,6.48
Giorgos Kyriakopoulos,Sassuolo,27," D(L),M(L)  ",17(9),1641,0,1,0.8,0.3,0.6,1.2,0.1,0.5,0.8,6.48
Goran Pandev,Genoa,39," M(CR),FW  ",18(16),1683,9,1,1.1,0.6,0.8,1.4,0.2,1.2,2.1,6.47
Ronaldo Vieira,Sampdoria,24, DMC  ,20(7),1821,0,1,1.1,0.9,0.4,0.6,0,1,0.5,6.47
Arkadiusz Reca,SPAL 2013,27," D(L),M(L)  ",22(3),1932,0,2,0.8,1,1.1,0.5,0.1,0.8,1.4,6.47
Fabio Pisacane,Cagliari,37, D(CLR)  ,28(2),2451,1,0,0.2,0.1,0.2,0.8,0.1,0.1,0.6,6.47
Khouma Babacar,Lecce,29," AM(R),FW  ",17(8),1431,3,0,2,0.6,0.6,1.3,0.3,1.1,2.3,6.46
Diego Farias,Lecce,32," AM(CLR),FW  ",7(11),820,2,0,1.3,0.7,1.1,0.9,0.1,0.9,1.1,6.45
Dusan Vlahovic,Fiorentina,23, FW  ,13(17),1494,6,0,2.2,0.3,0.9,1.6,0.3,1.5,2.4,6.45
Ibrahima Mbaye,Bologna,28," D(LR),M(LR)  ",16(4),1507,0,3,0.3,0.4,0.5,0.9,0.1,0.4,0.6,6.44
Gabriel Strefezza,SPAL 2013,25, M(LR)  ,24(8),2117,1,2,1.7,0.8,1.3,1.9,0.1,1.6,1.2,6.44
Lorenzo De Silvestri,Torino,34," D(R),M(R)  ",28(1),2251,0,0,0.8,0.7,0.1,0.5,0.2,0.5,0.9,6.43
Ales Mateju,Brescia,26, D(CLR)  ,28(3),2548,0,1,0.2,0.3,0.5,0.9,0,0.3,0.6,6.43
Lukas Lerager,Genoa,29, M(CR)  ,15(6),1387,1,1,0.7,0.5,0.2,1.1,0.1,0.4,1,6.43
Stefano Denswil,Bologna,29, D(CL)  ,25(1),2241,0,1,0.4,0.3,0.2,1.1,0,0.1,0.4,6.43
Marco Benassi,Fiorentina,28, M(CR)  ,10(8),980,1,1,1.1,0.9,0.4,0.3,0,0.4,1.1,6.42
Danilo Cataldi,Lazio,28, M(C)  ,3(18),581,1,0,0.4,0.6,0.1,0.1,0,0.1,0.5,6.42
Luca Rossettini,Lecce,37, D(CR)  ,25(1),2262,0,2,0.2,0.2,0.1,0.3,0,0.1,0,6.42
Žan Majer,Lecce,30, AM(C)  ,19(8),1670,1,1,0.7,0.7,0.4,0.6,0,0.7,0.9,6.42
Rômulo,Brescia,35," D(R),M(CR)  ",19(3),1726,1,3,0.8,0.8,1.1,1.1,0.4,0.8,1.7,6.41
Paolo Ghiglione,Genoa,26," D(R),M(R)  ",20(5),1720,0,5,0.9,0.9,0.7,0.8,0.1,0.9,1.2,6.41
Yevhen Shakhov,Lecce,32, M(C)  ,9(15),1079,1,2,0.6,0.6,0.5,0.4,0.2,0.6,0.9,6.41
Eljif Elmas,Napoli,23, M(CLR)  ,12(14),1128,1,1,0.9,0.6,0.9,0.6,0,0.6,1.1,6.40
Federico Di Francesco,SPAL 2013,28," M(LR),FW  ",13(7),1086,2,0,1.3,0.9,0.8,1.5,0.2,0.8,1.2,6.40
Francesco Vicari,SPAL 2013,28, D(C)  ,33(1),2901,0,0,0.3,0.1,0,0.4,0,0,0.1,6.40
Jony,Lazio,31, M(LR)  ,14(10),1178,0,1,0.5,0.8,0.4,0.6,0.2,0.3,0.9,6.40
Ragnar Klavan,Cagliari,37, D(C)  ,26(5),2353,0,0,0.1,0.2,0.1,0.2,0,0.1,0.3,6.39
Alessandro Murgia,SPAL 2013,26, DMC  ,19(6),1753,0,1,1,1.2,0.4,0.9,0.1,0.7,0.9,6.39
Federico Peluso,Sassuolo,39," D(CL),M(L)  ",17(6),1514,0,2,0.3,0.2,0.3,0.6,0,0.2,0.3,6.38
Alfredo Donnarumma,Brescia,32, FW  ,20(11),1687,7,2,1.4,0.5,0.4,1.1,0.4,0.9,1.2,6.38
Ilija Nestorovski,Udinese,32, FW  ,15(13),1249,3,1,1.3,0.6,0.2,1,0.3,0.5,1,6.37
Fabio Lucioni,Lecce,35, D(C)  ,36,3134,3,0,0.4,0.1,0.2,0.4,0,0.1,0.3,6.37
Artur Ionita,Cagliari,32, M(CR)  ,21(13),1925,0,2,0.5,0.6,0.4,0.4,0,0.5,0.3,6.37
Alex Meret,Napoli,25, GK  ,21(1),1951,0,0,0,0,0,0.1,0,0,0,6.36
Andrea Rispoli,Lecce,34," D(R),M(R)  ",20(8),1904,0,0,0.4,0.6,0.2,0.5,0,0.1,0.5,6.36
Mattias Svanberg,Bologna,24, M(CL)  ,12(13),1051,1,2,1.5,0.8,0.3,1.1,0,0.6,0.8,6.35
Nicola Murru,Sampdoria,28," D(L),M(L)  ",26(2),2261,0,0,0.3,0.6,0.6,0.6,0,0.4,0.8,6.34
Federico Santander,Bologna,31, FW  ,5(19),756,1,0,1,0.5,0.2,0.8,0.3,0.4,1.4,6.33
Florian Ayé,Brescia,26, FW  ,15(7),1382,0,0,1,0.4,0.6,1,0.2,1.2,1.8,6.32
Sasa Lukic,Torino,26, M(C)  ,20(10),1858,1,1,0.6,0.4,0.6,0.7,0.1,0.3,1.1,6.31
Bruno Martella,Brescia,30," D(L),M(L)  ",13(11),1264,0,0,0.4,0.6,0.5,0.2,0,0.2,0.8,6.31
Peter Ankersen,Genoa,32," D(R),M(R)  ",11(8),1063,0,1,0.7,0.3,0.3,0.6,0.1,0.5,0.9,6.29
Daniele Dessena,Brescia,35," D(R),M(C)  ",22(2),1878,2,0,0.8,0.1,0.5,0.8,0,0.8,1.3,6.27
Hidde ter Avest,Udinese,25," D(R),M(R)  ",6(14),677,0,0,0.1,0.4,0.1,0.3,0,0.1,0.4,6.26
Nenad Tomovic,SPAL 2013,35, D(CLR)  ,20(3),1755,0,1,0.4,0.4,0.2,0.4,0,0.2,0.3,6.26
Riccardo Sottil,Fiorentina,23, AM(LR)  ,4(14),507,0,0,0.9,0.3,0.9,1.4,0.1,0.4,0.8,6.26
Giuseppe Pezzella,Parma Calcio 1913,25," D(L),M(L)  ",8(14),948,0,0,0.1,0.1,0.5,0.7,0,0.3,0.5,6.25
Sergio Floccari,SPAL 2013,41, FW  ,9(15),932,1,0,0.8,0.4,0.7,0.8,0.4,0.9,1,6.25
Francesco Cassata,Genoa,25, M(CL)  ,18(6),1465,2,0,0.5,0.4,0.9,1.1,0,0.9,1.1,6.25
Andrea Favilli,Genoa,25, FW  ,7(13),653,0,0,0.7,0.4,0.5,0.9,0.2,0.7,1.3,6.25
Jaromír Zmrhal,Brescia,29, M(CLR)  ,11(10),1122,2,0,0.7,0.5,0.3,0.3,0,0.5,0.7,6.25
Mattia Sprocati,Parma Calcio 1913,29, Midfielder  ,4(16),579,1,0,0.7,0.4,0.3,1,0.1,0.2,0.6,6.24
Andreas Skov Olsen,Bologna,23, M(CR)  ,7(19),749,1,0,0.8,0.3,0.5,0.4,0.1,0.4,1.2,6.24
Antonio Barreca,Genoa,27," D(L),M(L)  ",11(7),1097,0,1,0.3,0.2,0.3,0.2,0.2,0.6,0.6,6.22
Emanuele Ndoj,Brescia,26, M(C)  ,6(12),551,0,0,0.5,0.4,0.7,1.4,0.1,0.5,0.6,6.21
Nikolas Spalek,Brescia,26, AM(C)  ,20(5),1591,2,1,1,0.7,0.2,0.6,0.2,1,1.3,6.20
Gianluca Caprari,Sampdoria,29," AM(CLR),FW  ",5(13),662,3,0,1.3,0.5,0.6,0.7,0.1,1.4,1.2,6.20
Mariusz Stepinski,Verona,27, FW  ,7(14),698,3,1,0.8,0.1,0.1,1,0.4,0.9,1.6,6.13
