team,player,Nation,Pos,Age,Born,Playing Time,Playing Time,Playing Time,Playing Time,Performance,Performance,Performance,Performance,Performance,Performance,Performance,Performance,Performance,Performance,Penalty Kicks,Penalty Kicks,Penalty Kicks,Penalty Kicks,Penalty Kicks,League,Season
,,,,,,MP,Starts,Min,90s,GA,GA90,SoTA,Saves,Save%,W,D,L,CS,CS%,PKatt,PKA,PKsv,PKm,Save%,,
Alavés,Antonio Sivera,ESP,GK,20,1996,1,1,63,0.7,,,1,1,,,,1,,,,,,,,La Liga,2017-2018
Alavés,Fernando Pacheco,ESP,GK,25,1992,38,37,3357,37.3,50,1.34,171,121,74.9,15,2,20,12,32.4,10,7,2,1,22.2,La Liga,2017-2018
Athletic Club,Iago Herrerín,ESP,GK,29,1988,8,8,720,8.0,6,0.75,30,23,86.7,3,4,1,4,50.0,3,2,1,0,33.3,La Liga,2017-2018
Athletic Club,Kepa Arrizabalaga,ESP,GK,22,1994,30,30,2700,30.0,43,1.43,136,94,69.1,7,9,14,7,23.3,3,1,2,0,66.7,La Liga,2017-2018
Atlético Madrid,Axel Werner,ARG,GK,21,1996,1,1,90,1.0,0,0.00,3,3,100.0,1,0,0,1,100.0,0,0,0,0,,La Liga,2017-2018
Atlético Madrid,Jan Oblak,SVN,GK,24,1993,37,37,3330,37.0,22,0.59,126,102,83.3,22,10,5,22,59.5,4,1,3,0,75.0,La Liga,2017-2018
Barcelona,Jasper Cillessen,NED,GK,28,1989,1,1,90,1.0,1,1.00,7,6,85.7,1,0,0,0,0.0,0,0,0,0,,La Liga,2017-2018
Barcelona,Marc-André ter Stegen,GER,GK,25,1992,37,37,3330,37.0,28,0.76,126,98,79.4,27,9,1,19,51.4,2,2,0,0,0.0,La Liga,2017-2018
Betis,Antonio Adán,ESP,GK,30,1987,30,30,2700,30.0,53,1.77,132,82,62.1,14,4,12,9,30.0,4,3,1,0,25.0,La Liga,2017-2018
Betis,Dani Giménez,ESP,GK,34,1983,4,4,309,3.4,0,0.00,8,8,100.0,3,1,0,3,75.0,0,0,0,0,,La Liga,2017-2018
Betis,Pedro López,ESP,GK,22,1995,5,4,411,4.6,8,1.75,16,8,50.0,1,1,2,1,25.0,0,0,0,0,,La Liga,2017-2018
Celta Vigo,Brais Méndez,ESP,"MF,FW",20,1997,1,0,,10.5,,,,,,,,,,,,,,,,La Liga,2017-2018
Celta Vigo,Rubén Blanco,ESP,GK,22,1995,22,22,1941,21.6,31,1.44,86,55,67.4,10,4,8,4,18.2,4,3,0,1,0.0,La Liga,2017-2018
Celta Vigo,Sergio Álvarez,ESP,GK,30,1986,17,16,1475,16.4,29,1.77,75,47,62.7,3,6,7,3,18.8,1,1,0,0,0.0,La Liga,2017-2018
Eibar,Asier Riesgo,ESP,GK,33,1983,1,1,90,1.0,1,1.00,5,4,80.0,1,0,0,0,0.0,0,0,0,0,,La Liga,2017-2018
Eibar,Marko Dmitrović,SRB,GK,25,1992,36,36,3240,36.0,49,1.36,124,78,63.7,13,8,15,10,27.8,4,4,0,0,0.0,La Liga,2017-2018
Eibar,Yoel,ESP,GK,28,1988,1,1,90,1.0,0,0.00,5,5,100.0,0,1,0,1,100.0,0,0,0,0,,La Liga,2017-2018
Espanyol,Diego López,ESP,GK,35,1981,10,10,854,9.5,11,1.16,40,30,75.0,3,5,2,3,30.0,2,1,1,0,50.0,La Liga,2017-2018
Espanyol,Pau López,ESP,GK,22,1994,29,28,2566,28.5,31,1.09,124,92,77.4,9,8,11,9,32.1,4,3,1,0,25.0,La Liga,2017-2018
Getafe,Emiliano Martínez,ARG,GK,24,1992,5,5,450,5.0,7,1.40,19,12,68.4,2,1,2,2,40.0,1,1,0,0,0.0,La Liga,2017-2018
Getafe,Vicente Guaita,ESP,GK,30,1987,33,33,2970,33.0,26,0.79,111,84,77.5,13,9,11,12,36.4,3,1,1,1,50.0,La Liga,2017-2018
Girona,Gorka Iraizoz,ESP,GK,36,1981,9,8,765,8.5,13,1.53,36,25,63.9,1,3,4,2,25.0,0,0,0,0,,La Liga,2017-2018
Girona,Yassine Bounou,MAR,GK,26,1991,30,30,2655,29.5,46,1.56,139,94,69.8,13,6,11,9,30.0,5,4,0,1,0.0,La Liga,2017-2018
La Coruña,Costel Pantilimon,ROU,GK,30,1987,6,6,540,6.0,9,1.50,26,18,69.2,3,0,3,1,16.7,1,1,0,0,0.0,La Liga,2017-2018
La Coruña,Francis Uzoho,NGA,GK,18,1998,2,2,180,2.0,2,1.00,9,7,88.9,0,1,1,1,50.0,1,1,0,0,0.0,La Liga,2017-2018
La Coruña,Maksym Koval,UKR,GK,24,1992,2,2,121,1.3,3,2.23,5,2,40.0,,1,1,,,,,,,,La Liga,2017-2018
La Coruña,Przemysław Tytoń,POL,GK,30,1987,2,1,97,1.1,4,3.71,5,1,20.0,0,0,1,0,0.0,0,0,0,0,,La Liga,2017-2018
La Coruña,Rubén,ESP,GK,33,1984,28,27,2477,27.5,58,2.11,134,77,58.2,3,9,15,4,14.8,3,2,1,0,33.3,La Liga,2017-2018
Las Palmas,Leandro Chichizola,ARG,GK,27,1990,27,27,2430,27.0,47,1.74,149,103,70.5,4,5,18,4,14.8,3,3,0,0,0.0,La Liga,2017-2018
Las Palmas,Raúl Lizoain,ESP,GK,26,1991,11,11,990,11.0,27,2.45,66,39,62.1,1,2,8,1,9.1,2,2,0,0,0.0,La Liga,2017-2018
Leganés,Iván Cuéllar,ESP,GK,33,1984,35,35,3150,35.0,43,1.23,139,95,72.7,11,7,17,14,40.0,6,5,1,0,16.7,La Liga,2017-2018
Leganés,Jon Ander Serantes,ESP,GK,27,1989,1,1,90,1.0,2,2.00,8,6,75.0,1,0,0,0,0.0,0,0,0,0,,La Liga,2017-2018
Leganés,Nereo Champagne,ARG,GK,32,1985,2,2,180,2.0,6,3.00,9,3,44.4,0,0,2,0,0.0,1,1,0,0,0.0,La Liga,2017-2018
Levante,Koke Vegas,ESP,GK,21,1995,1,1,90,1.0,4,4.00,8,4,50.0,0,0,1,0,0.0,0,0,0,0,,La Liga,2017-2018
Levante,Oier Olazábal,ESP,GK,27,1989,26,26,2340,26.0,39,1.50,122,85,72.1,9,7,10,7,26.9,6,5,0,1,0.0,La Liga,2017-2018
Levante,Raúl Fernández,ESP,GK,29,1988,11,11,990,11.0,15,1.36,53,38,71.7,2,6,3,3,27.3,0,0,0,0,,La Liga,2017-2018
Málaga,Andrés Prieto,ESP,GK,23,1993,4,4,360,4.0,10,2.50,20,10,60.0,0,0,4,0,0.0,2,2,0,0,0.0,La Liga,2017-2018
Málaga,Roberto,ESP,GK,31,1986,34,34,3060,34.0,51,1.50,150,98,68.7,5,5,24,6,17.6,5,4,1,0,20.0,La Liga,2017-2018
Real Madrid,Keylor Navas,CRC,GK,30,1986,27,27,2430,27.0,31,1.15,111,79,73.9,16,7,4,7,25.9,4,2,2,0,50.0,La Liga,2017-2018
Real Madrid,Kiko Casilla,ESP,GK,30,1986,10,10,900,10.0,11,1.10,29,19,62.1,6,2,2,3,30.0,0,0,0,0,,La Liga,2017-2018
Real Madrid,Luca Zidane,FRA,GK,19,1998,1,1,90,1.0,2,2.00,4,2,50.0,0,1,0,0,0.0,0,0,0,0,,La Liga,2017-2018
Real Sociedad,Gerónimo Rulli,ARG,GK,25,1992,26,26,2340,26.0,45,1.73,105,61,61.0,10,5,11,6,23.1,5,4,1,0,20.0,La Liga,2017-2018
Real Sociedad,Miguel Ángel Moyá,ESP,GK,33,1984,9,9,765,8.5,8,0.94,33,24,81.8,3,2,4,2,22.2,3,2,1,0,33.3,La Liga,2017-2018
Real Sociedad,Toño Ramírez,ESP,GK,30,1986,4,3,315,3.5,6,1.71,11,5,45.5,1,0,2,2,66.7,0,0,0,0,,La Liga,2017-2018
Sevilla,David Soria,ESP,GK,24,1993,15,15,1265,14.0,19,1.35,58,40,70.7,7,4,4,5,33.3,3,2,0,1,0.0,La Liga,2017-2018
Sevilla,Sergio Rico,ESP,GK,23,1993,24,23,2155,24.0,39,1.63,92,52,60.9,10,3,10,9,39.1,5,3,1,1,25.0,La Liga,2017-2018
Valencia,Jaume Doménech,ESP,GK,26,1990,5,5,450,5.0,5,1.00,21,16,76.2,4,0,1,2,40.0,0,0,0,0,,La Liga,2017-2018
Valencia,Neto,BRA,GK,28,1989,33,33,2970,33.0,33,1.00,143,108,79.0,18,7,8,10,30.3,5,3,2,0,40.0,La Liga,2017-2018
Villarreal,Andrés Fernández,ESP,GK,30,1986,3,3,225,2.5,6,2.40,16,10,68.8,0,1,2,0,0.0,1,1,0,0,0.0,La Liga,2017-2018
Villarreal,Mariano Barbosa,ARG,GK,33,1984,13,12,1125,12.5,14,1.12,48,34,72.9,6,3,3,5,41.7,1,1,0,0,0.0,La Liga,2017-2018
Villarreal,Sergio Asenjo,ESP,GK,28,1989,23,23,2070,23.0,30,1.30,93,60,71.0,12,3,8,6,26.1,6,3,3,0,50.0,La Liga,2017-2018
Alavés,Antonio Sivera,ESP,GK,21,1996,3,3,270,3.0,4,1.33,13,9,69.2,2,0,1,0,0.0,0,0,0,0,,La Liga,2018-2019
Alavés,Fernando Pacheco,ESP,GK,26,1992,35,35,3150,35.0,46,1.31,154,110,74.0,11,11,13,8,22.9,6,6,0,0,0.0,La Liga,2018-2019
Athletic Club,Iago Herrerín,ESP,GK,30,1988,31,31,2790,31.0,32,1.03,87,55,66.7,12,10,9,10,32.3,3,3,0,0,0.0,La Liga,2018-2019
Athletic Club,Unai Simón,ESP,GK,21,1997,7,7,630,7.0,13,1.86,33,20,66.7,1,4,2,0,0.0,2,2,0,0,0.0,La Liga,2018-2019
Atlético Madrid,Antonio Adán,ESP,GK,31,1987,2,1,90,1.0,2,2.00,7,5,71.4,0,1,0,0,0.0,0,0,0,0,,La Liga,2018-2019
Atlético Madrid,Jan Oblak,SVN,GK,25,1993,37,37,3330,37.0,27,0.73,129,104,82.9,22,9,6,20,54.1,5,5,0,0,0.0,La Liga,2018-2019
Barcelona,Jasper Cillessen,NED,GK,29,1989,3,3,270,3.0,4,1.33,14,10,78.6,1,1,1,1,33.3,1,1,0,0,0.0,La Liga,2018-2019
Barcelona,Marc-André ter Stegen,GER,GK,26,1992,35,35,3150,35.0,32,0.91,116,85,73.3,25,8,2,16,45.7,1,1,0,0,0.0,La Liga,2018-2019
Betis,Joel Robles,ESP,GK,28,1990,5,5,450,5.0,5,1.00,21,16,81.0,2,1,2,1,20.0,1,1,0,0,0.0,La Liga,2018-2019
Betis,Pau López,ESP,GK,23,1994,33,33,2970,33.0,47,1.42,134,86,67.2,12,7,14,10,30.3,4,3,1,0,25.0,La Liga,2018-2019
Celta Vigo,Rubén Blanco,ESP,GK,23,1995,25,25,2250,25.0,40,1.60,109,69,67.0,7,6,12,6,24.0,5,4,0,1,0.0,La Liga,2018-2019
Celta Vigo,Sergio Álvarez,ESP,GK,31,1986,13,13,1170,13.0,22,1.69,58,37,65.5,3,5,5,2,15.4,2,2,0,0,0.0,La Liga,2018-2019
Eibar,Asier Riesgo,ESP,GK,34,1983,15,14,1260,14.0,20,1.43,46,27,56.5,2,8,4,4,28.6,0,0,0,0,,La Liga,2018-2019
Eibar,Marko Dmitrović,SRB,GK,26,1992,24,24,2160,24.0,30,1.25,86,55,68.6,9,6,9,5,20.8,4,3,1,0,25.0,La Liga,2018-2019
Espanyol,Diego López,ESP,GK,36,1981,38,38,3420,38.0,50,1.32,167,117,73.7,14,11,13,10,26.3,8,6,2,0,25.0,La Liga,2018-2019
Getafe,David Soria,ESP,GK,25,1993,37,37,3330,37.0,34,0.92,133,99,77.4,14,14,9,13,35.1,6,4,1,1,20.0,La Liga,2018-2019
Getafe,Leandro Chichizola,ARG,GK,28,1990,1,1,90,1.0,1,1.00,1,0,0.0,1,0,0,0,0.0,0,0,0,0,,La Liga,2018-2019
Girona,Gorka Iraizoz,ESP,GK,37,1981,7,6,558,6.2,10,1.61,39,30,79.5,1,0,5,1,16.7,2,2,0,0,0.0,La Liga,2018-2019
Girona,Yassine Bounou,MAR,GK,27,1991,32,32,2862,31.8,43,1.35,166,124,77.7,8,10,14,8,25.0,6,6,0,0,0.0,La Liga,2018-2019
Huesca,Aleksandar Jovanović,SRB,GK,25,1992,12,12,1080,12.0,19,1.58,46,28,63.0,1,4,7,0,0.0,2,2,0,0,0.0,La Liga,2018-2019
Huesca,Axel Werner,ARG,GK,22,1996,6,6,540,6.0,16,2.67,32,17,53.1,1,1,4,0,0.0,1,1,0,0,0.0,La Liga,2018-2019
Huesca,Roberto Santamaría,ESP,GK,33,1985,20,20,1800,20.0,30,1.50,96,67,75.0,5,7,8,6,30.0,6,6,0,0,0.0,La Liga,2018-2019
Leganés,Andriy Lunin,UKR,GK,19,1999,5,4,364,4.1,5,1.24,19,13,78.9,1,0,3,2,50.0,2,1,1,0,50.0,La Liga,2018-2019
Leganés,Iván Cuéllar,ESP,GK,34,1984,34,34,3056,33.9,38,1.12,115,78,68.7,10,12,12,9,26.5,2,2,0,0,0.0,La Liga,2018-2019
Levante,Aitor Fernández,ESP,GK,27,1991,16,16,1440,16.0,24,1.50,83,60,75.9,4,5,7,2,12.5,4,4,0,0,0.0,La Liga,2018-2019
Levante,Koke Vegas,ESP,GK,22,1995,1,1,90,1.0,2,2.00,8,6,75.0,0,1,0,0,0.0,0,0,0,0,,La Liga,2018-2019
Levante,Oier Olazábal,ESP,GK,28,1989,21,21,1890,21.0,40,1.90,135,95,73.3,7,5,9,5,23.8,5,4,1,0,20.0,La Liga,2018-2019
Rayo Vallecano,Alberto García,ESP,GK,33,1985,17,17,1530,17.0,35,2.06,87,50,60.9,3,4,10,4,23.5,4,1,3,0,75.0,La Liga,2018-2019
Rayo Vallecano,Stole Dimitrievski,MKD,GK,24,1993,21,21,1890,21.0,35,1.67,95,59,69.5,5,4,12,3,14.3,7,6,1,0,14.3,La Liga,2018-2019
Real Madrid,Keylor Navas,CRC,GK,31,1986,10,10,900,10.0,8,0.80,31,23,74.2,6,2,2,4,40.0,0,0,0,0,,La Liga,2018-2019
Real Madrid,Luca Zidane,FRA,GK,20,1998,1,1,90,1.0,2,2.00,3,1,33.3,1,0,0,0,0.0,0,0,0,0,,La Liga,2018-2019
Real Madrid,Thibaut Courtois,BEL,GK,26,1992,27,27,2430,27.0,36,1.33,104,67,71.2,14,3,10,8,29.6,8,6,1,1,14.3,La Liga,2018-2019
Real Sociedad,Gerónimo Rulli,ARG,GK,26,1992,27,27,2430,27.0,35,1.30,109,75,69.7,10,9,8,7,25.9,3,2,1,0,33.3,La Liga,2018-2019
Real Sociedad,Miguel Ángel Moyá,ESP,GK,34,1984,11,11,990,11.0,11,1.00,33,22,66.7,3,2,6,2,18.2,0,0,0,0,,La Liga,2018-2019
Sevilla,Javier Díaz,ESP,GK,21,1997,1,1,90,1.0,1,1.00,2,1,100.0,0,0,1,0,0.0,1,1,0,0,0.0,La Liga,2018-2019
Sevilla,Juan Soriano,ESP,GK,20,1997,4,4,359,4.0,2,0.50,11,9,90.9,4,0,0,2,50.0,1,1,0,0,0.0,La Liga,2018-2019
Sevilla,Tomáš Vaclík,CZE,GK,29,1989,33,33,2970,33.0,44,1.33,143,98,72.0,13,8,12,8,24.2,5,4,1,0,20.0,La Liga,2018-2019
Valencia,Jaume Doménech,ESP,GK,27,1990,4,4,360,4.0,1,0.25,13,12,92.3,2,2,0,3,75.0,0,0,0,0,,La Liga,2018-2019
Valencia,Neto,BRA,GK,29,1989,34,34,3060,34.0,34,1.00,139,106,80.6,13,14,7,10,29.4,8,7,1,0,12.5,La Liga,2018-2019
Valladolid,Jordi Masip,ESP,GK,29,1989,35,35,3150,35.0,45,1.29,143,96,72.0,10,9,16,9,25.7,8,5,3,0,37.5,La Liga,2018-2019
Valladolid,Yoel,ESP,GK,29,1988,3,3,270,3.0,6,2.00,12,6,58.3,0,2,1,0,0.0,1,1,0,0,0.0,La Liga,2018-2019
Villarreal,Andrés Fernández,ESP,GK,31,1986,6,6,540,6.0,7,1.17,23,16,73.9,3,2,1,2,33.3,1,1,0,0,0.0,La Liga,2018-2019
Villarreal,Sergio Asenjo,ESP,GK,29,1989,32,32,2880,32.0,45,1.41,162,119,73.5,7,12,13,9,28.1,4,2,1,1,33.3,La Liga,2018-2019
Alavés,Antonio Sivera,ESP,GK,22,1996,3,3,270,3.0,3,1.00,5,2,60.0,1,1,1,1,33.3,1,1,0,0,0.0,La Liga,2019-2020
Alavés,Fernando Pacheco,ESP,GK,27,1992,27,27,2358,26.2,37,1.41,102,62,71.6,7,7,13,6,22.2,11,8,3,0,27.3,La Liga,2019-2020
Alavés,Roberto,ESP,GK,33,1986,9,8,790,8.8,19,2.16,54,35,70.4,2,1,5,2,25.0,3,3,0,0,0.0,La Liga,2019-2020
Athletic Club,Iago Herrerín,ESP,GK,31,1988,5,4,425,4.7,9,1.91,19,10,52.6,0,3,1,0,0.0,0,0,0,0,,La Liga,2019-2020
Athletic Club,Unai Simón,ESP,GK,22,1997,34,34,2991,33.2,29,0.87,109,82,78.0,13,9,12,12,35.3,7,5,0,2,0.0,La Liga,2019-2020
Atlético Madrid,Antonio Adán,ESP,GK,32,1987,1,0,25,0.3,0,0.00,1,1,100.0,0,0,0,0,,0,0,0,0,,La Liga,2019-2020
Atlético Madrid,Jan Oblak,SVN,GK,26,1993,38,38,3395,37.7,27,0.72,111,87,78.4,18,16,4,17,44.7,4,3,0,1,0.0,La Liga,2019-2020
Barcelona,Marc-André ter Stegen,GER,GK,27,1992,36,36,3240,36.0,36,1.00,116,79,74.1,24,6,6,14,38.9,7,6,1,0,14.3,La Liga,2019-2020
Barcelona,Neto,BRA,GK,30,1989,2,2,180,2.0,2,1.00,3,1,33.3,1,1,0,1,50.0,0,0,0,0,,La Liga,2019-2020
Betis,Daniel Martín,ESP,GK,21,1998,6,5,531,5.9,12,2.03,24,12,50.0,1,0,4,1,20.0,0,0,0,0,,La Liga,2019-2020
Betis,Joel Robles,ESP,GK,29,1990,33,33,2887,32.1,48,1.50,130,83,71.5,9,11,13,5,15.2,11,11,0,0,0.0,La Liga,2019-2020
Celta Vigo,Iván Villar,ESP,GK,22,1997,4,3,280,3.1,5,1.61,11,6,54.5,0,1,2,1,33.3,0,0,0,0,,La Liga,2019-2020
Celta Vigo,Rubén Blanco,ESP,GK,24,1995,33,33,2960,32.9,43,1.31,135,92,71.9,6,14,13,10,30.3,5,5,0,0,0.0,La Liga,2019-2020
Celta Vigo,Sergio Álvarez,ESP,GK,32,1986,4,4,180,2.0,1,0.50,3,2,66.7,1,1,0,1,25.0,0,0,0,0,,La Liga,2019-2020
Eibar,Marko Dmitrović,SRB,GK,27,1992,35,35,3150,35.0,51,1.46,122,71,61.5,9,9,17,10,28.6,5,4,1,0,20.0,La Liga,2019-2020
Eibar,Yoel,ESP,GK,30,1988,4,4,270,3.0,5,1.67,16,10,68.8,2,0,1,1,25.0,1,0,1,0,100.0,La Liga,2019-2020
Espanyol,Diego López,ESP,GK,37,1981,36,36,3232,35.9,58,1.62,160,103,67.5,4,9,23,4,11.1,7,6,1,0,14.3,La Liga,2019-2020
Espanyol,Oier Olazábal,ESP,GK,29,1989,2,2,180,2.0,0,0.00,3,3,100.0,1,1,0,2,100.0,0,0,0,0,,La Liga,2019-2020
Getafe,David Soria,ESP,GK,26,1993,38,38,3420,38.0,37,0.97,109,73,70.6,14,12,12,15,39.5,6,5,1,0,16.7,La Liga,2019-2020
Granada,Aarón Escandell,ESP,GK,23,1995,3,3,270,3.0,3,1.00,14,11,78.6,1,0,2,1,33.3,0,0,0,0,,La Liga,2019-2020
Granada,Rui Silva,POR,GK,25,1994,35,35,3150,35.0,42,1.20,142,99,73.2,15,8,12,12,34.3,5,4,1,0,20.0,La Liga,2019-2020
Leganés,Iván Cuéllar,ESP,GK,35,1984,27,27,2429,27.0,33,1.22,99,65,67.7,7,9,11,7,25.9,2,1,1,0,50.0,La Liga,2019-2020
Leganés,Juan Soriano,ESP,GK,21,1997,11,11,990,11.0,18,1.64,39,22,66.7,1,3,7,1,9.1,5,5,0,0,0.0,La Liga,2019-2020
Levante,Aitor Fernández,ESP,GK,28,1991,36,36,3240,36.0,51,1.42,205,153,76.6,12,7,17,5,13.9,5,3,2,0,40.0,La Liga,2019-2020
Levante,Koke Vegas,ESP,GK,23,1995,2,2,180,2.0,2,1.00,10,8,80.0,2,0,0,1,50.0,1,0,0,1,,La Liga,2019-2020
Mallorca,Fabricio,ESP,GK,31,1987,2,2,90,1.0,3,3.00,6,3,66.7,0,0,1,0,0.0,1,1,0,0,0.0,La Liga,2019-2020
Mallorca,Manolo Reina,ESP,GK,34,1985,36,36,3240,36.0,60,1.67,179,119,74.3,9,5,22,5,13.9,15,14,1,0,6.7,La Liga,2019-2020
Mallorca,Miquel Parera,ESP,GK,23,1996,1,1,90,1.0,2,2.00,5,3,60.0,0,1,0,0,0.0,0,0,0,0,,La Liga,2019-2020
Osasuna,Juan Pérez,ESP,GK,23,1996,2,2,180,2.0,3,1.50,9,6,77.8,1,1,0,0,0.0,1,1,0,0,0.0,La Liga,2019-2020
Osasuna,Rubén,ESP,GK,35,1984,19,18,1583,17.6,24,1.36,54,30,61.1,5,9,4,4,22.2,3,3,0,0,0.0,La Liga,2019-2020
Osasuna,Sergio Herrera,ESP,GK,26,1993,19,18,1655,18.4,27,1.47,80,53,67.5,7,3,8,7,38.9,1,1,0,0,0.0,La Liga,2019-2020
Real Madrid,Alphonse Areola,FRA,GK,26,1993,4,4,360,4.0,5,1.25,14,9,78.6,3,1,0,1,25.0,2,2,0,0,0.0,La Liga,2019-2020
Real Madrid,Thibaut Courtois,BEL,GK,27,1992,34,34,3060,34.0,20,0.59,96,76,79.2,23,8,3,18,52.9,0,0,0,0,,La Liga,2019-2020
Real Sociedad,Miguel Ángel Moyá,ESP,GK,35,1984,13,13,1170,13.0,16,1.23,51,36,68.6,5,4,4,3,23.1,1,0,0,1,,La Liga,2019-2020
Real Sociedad,Álex Remiro,ESP,GK,24,1995,25,25,2250,25.0,32,1.28,93,60,73.1,11,4,10,6,24.0,8,7,1,0,12.5,La Liga,2019-2020
Sevilla,Tomáš Vaclík,CZE,GK,30,1989,33,33,2925,32.5,31,0.95,96,65,69.8,15,12,6,12,36.4,3,2,1,0,33.3,La Liga,2019-2020
Sevilla,Yassine Bounou,MAR,GK,28,1991,6,5,495,5.5,3,0.55,20,17,90.0,4,1,0,4,80.0,1,1,0,0,0.0,La Liga,2019-2020
Valencia,Jasper Cillessen,NED,GK,30,1989,24,24,2096,23.3,30,1.29,109,78,78.0,10,7,7,5,20.8,8,6,2,0,25.0,La Liga,2019-2020
Valencia,Jaume Doménech,ESP,GK,28,1990,15,14,1324,14.7,23,1.56,81,58,72.8,4,4,6,3,21.4,1,1,0,0,0.0,La Liga,2019-2020
Valladolid,Churripi,ESP,GK,25,1994,3,3,244,2.7,3,1.11,13,10,76.9,1,0,2,1,33.3,0,0,0,0,,La Liga,2019-2020
Valladolid,Jordi Masip,ESP,GK,30,1989,35,35,3150,35.0,39,1.11,125,85,73.6,8,15,12,11,31.4,7,6,1,0,14.3,La Liga,2019-2020
Valladolid,Samu Pérez,ESP,GK,22,1997,1,0,26,0.3,1,3.46,1,0,100.0,0,0,0,0,,1,1,0,0,0.0,La Liga,2019-2020
Villarreal,Andrés Fernández,ESP,GK,32,1986,4,4,360,4.0,8,2.00,19,12,73.7,1,2,1,1,25.0,3,3,0,0,0.0,La Liga,2019-2020
Villarreal,Sergio Asenjo,ESP,GK,30,1989,34,34,3060,34.0,41,1.21,145,104,75.2,17,4,13,11,32.4,6,5,1,0,16.7,La Liga,2019-2020
Alavés,Antonio Sivera,ESP,GK,23,1996,1,1,71,0.8,,,1,1,,,,1,,,,,,,,La Liga,2020-2021
Alavés,Fernando Pacheco,ESP,GK,28,1992,38,37,3349,37.2,57,1.53,141,84,61.7,9,11,17,9,24.3,3,3,0,0,0.0,La Liga,2020-2021
Athletic Club,Jokin Ezkieta,ESP,GK,23,1996,1,1,90,1.0,2,2.00,3,1,33.3,0,0,1,0,0.0,0,0,0,0,,La Liga,2020-2021
Athletic Club,Unai Simón,ESP,GK,23,1997,37,37,3330,37.0,40,1.08,108,68,67.6,11,13,13,9,24.3,6,5,1,0,16.7,La Liga,2020-2021
Atlético Madrid,Jan Oblak,SVN,GK,27,1993,38,38,3420,38.0,25,0.66,122,98,80.3,26,8,4,18,47.4,4,1,2,1,66.7,La Liga,2020-2021
Barcelona,Marc-André ter Stegen,GER,GK,28,1992,31,31,2790,31.0,32,1.03,106,76,72.6,21,5,5,11,35.5,3,3,0,0,0.0,La Liga,2020-2021
Barcelona,Neto,BRA,GK,31,1989,7,7,630,7.0,6,0.86,24,18,83.3,3,2,2,3,42.9,2,2,0,0,0.0,La Liga,2020-2021
Betis,Claudio Bravo,CHI,GK,37,1983,20,20,1800,20.0,25,1.25,75,50,72.0,8,8,4,7,35.0,5,4,1,0,20.0,La Liga,2020-2021
Betis,Joel Robles,ESP,GK,30,1990,18,18,1620,18.0,25,1.39,61,37,65.6,9,2,7,6,33.3,5,4,1,0,20.0,La Liga,2020-2021
Celta Vigo,Iván Villar,ESP,GK,23,1997,21,19,1781,19.8,30,1.52,77,47,68.8,7,5,7,5,26.3,7,6,1,0,14.3,La Liga,2020-2021
Celta Vigo,Rubén Blanco,ESP,GK,25,1995,19,19,1637,18.2,27,1.48,61,34,57.4,7,6,6,4,21.1,1,1,0,0,0.0,La Liga,2020-2021
Cádiz,Alberto Cifuentes,ESP,GK,41,1979,2,2,180,2.0,3,1.50,6,2,50.0,1,0,1,1,50.0,0,0,0,0,,La Liga,2020-2021
Cádiz,David Gil,ESP,GK,26,1994,4,4,360,4.0,10,2.50,17,7,47.1,0,1,3,0,0.0,1,1,0,0,0.0,La Liga,2020-2021
Cádiz,Jeremías Ledesma,ARG,GK,27,1993,32,32,2880,32.0,45,1.41,127,82,70.9,10,10,12,9,28.1,9,8,1,0,11.1,La Liga,2020-2021
Eibar,Marko Dmitrović,SRB,GK,28,1992,35,35,3120,34.7,49,1.41,129,79,64.3,6,11,18,9,25.7,5,3,1,1,25.0,La Liga,2020-2021
Eibar,Yoel,ESP,GK,31,1988,4,3,300,3.3,3,0.90,6,3,50.0,0,1,2,0,0.0,0,0,0,0,,La Liga,2020-2021
Elche,Paulo Gazzaniga,ARG,GK,28,1992,8,8,720,8.0,9,1.13,22,14,63.6,3,1,4,2,25.0,1,1,0,0,0.0,La Liga,2020-2021
Elche,Édgar Badía,ESP,GK,28,1992,30,30,2700,30.0,46,1.53,141,92,70.9,5,11,14,5,16.7,9,5,3,1,37.5,La Liga,2020-2021
Getafe,David Soria,ESP,GK,27,1993,28,28,2520,28.0,31,1.11,81,52,69.1,6,8,14,10,35.7,7,6,1,0,14.3,La Liga,2020-2021
Getafe,Rubén Yáñez,ESP,GK,26,1993,10,10,900,10.0,12,1.20,30,18,63.3,3,3,4,4,40.0,1,1,0,0,0.0,La Liga,2020-2021
Granada,Aarón Escandell,ESP,GK,24,1995,5,5,450,5.0,8,1.60,24,16,66.7,1,1,3,1,20.0,0,0,0,0,,La Liga,2020-2021
Granada,Rui Silva,POR,GK,26,1994,32,32,2880,32.0,55,1.72,137,79,63.5,12,6,14,8,25.0,10,5,4,1,44.4,La Liga,2020-2021
Granada,Ángel,ESP,GK,18,2002,1,1,90,1.0,2,2.00,9,6,88.9,0,0,1,0,0.0,2,1,1,0,50.0,La Liga,2020-2021
Huesca,Andrés Fernández,ESP,GK,33,1986,16,16,1440,16.0,21,1.31,54,34,66.7,2,8,6,4,25.0,3,3,0,0,0.0,La Liga,2020-2021
Huesca,Álvaro Fernández,ESP,GK,22,1998,22,22,1980,22.0,32,1.45,95,64,68.4,5,5,12,5,22.7,2,2,0,0,0.0,La Liga,2020-2021
Levante,Aitor Fernández,ESP,GK,29,1991,29,29,2610,29.0,44,1.52,120,78,65.8,8,11,10,3,10.3,3,3,0,0,0.0,La Liga,2020-2021
Levante,Cárdenas,ESP,GK,23,1997,8,8,720,8.0,11,1.37,39,28,71.8,1,3,4,1,12.5,1,0,0,1,,La Liga,2020-2021
Levante,Koke Vegas,ESP,GK,24,1995,1,1,90,1.0,2,2.00,4,2,50.0,0,0,1,0,0.0,0,0,0,0,,La Liga,2020-2021
Osasuna,Juan Pérez,ESP,GK,24,1996,3,3,270,3.0,3,1.00,8,5,75.0,1,1,1,1,33.3,1,1,0,0,0.0,La Liga,2020-2021
Osasuna,Rubén,ESP,GK,36,1984,3,3,187,2.1,5,2.41,8,3,37.5,0,2,1,0,0.0,0,0,0,0,,La Liga,2020-2021
Osasuna,Sergio Herrera,ESP,GK,27,1993,33,32,2958,32.9,40,1.22,126,86,71.4,10,8,14,10,31.3,7,4,2,1,33.3,La Liga,2020-2021
Real Madrid,Thibaut Courtois,BEL,GK,28,1992,38,38,3420,38.0,28,0.74,116,88,81.9,25,9,4,17,44.7,8,7,1,0,12.5,La Liga,2020-2021
Real Sociedad,Álex Remiro,ESP,GK,25,1995,38,38,3420,38.0,38,1.00,105,67,66.7,17,11,10,14,36.8,5,3,1,1,25.0,La Liga,2020-2021
Sevilla,Tomáš Vaclík,CZE,GK,31,1989,5,5,450,5.0,5,1.00,14,9,64.3,3,0,2,2,40.0,0,0,0,0,,La Liga,2020-2021
Sevilla,Yassine Bounou,MAR,GK,29,1991,33,33,2970,33.0,28,0.85,106,78,77.4,21,5,7,15,45.5,6,4,2,0,33.3,La Liga,2020-2021
Valencia,Jasper Cillessen,NED,GK,31,1989,10,10,900,10.0,11,1.10,45,33,77.8,5,1,4,3,30.0,2,1,1,0,50.0,La Liga,2020-2021
Valencia,Jaume Doménech,ESP,GK,29,1990,28,28,2520,28.0,42,1.50,130,88,70.8,5,12,11,4,14.3,6,4,2,0,33.3,La Liga,2020-2021
Valladolid,Jordi Masip,ESP,GK,31,1989,25,25,2250,25.0,40,1.60,115,75,68.7,4,9,12,2,8.0,4,4,0,0,0.0,La Liga,2020-2021
Valladolid,Roberto,ESP,GK,34,1986,13,13,1170,13.0,17,1.31,46,29,67.4,1,7,5,1,7.7,3,2,0,1,0.0,La Liga,2020-2021
Villarreal,Gerónimo Rulli,ARG,GK,28,1992,2,2,180,2.0,4,2.00,8,4,50.0,0,0,2,0,0.0,0,0,0,0,,La Liga,2020-2021
Villarreal,Sergio Asenjo,ESP,GK,31,1989,36,36,3240,36.0,40,1.11,118,79,72.0,15,13,8,10,27.8,9,7,1,1,12.5,La Liga,2020-2021
Alavés,Antonio Sivera,ESP,GK,24,1996,4,3,277,3.1,4,1.30,16,12,81.3,0,1,2,1,33.3,1,1,0,0,0.0,La Liga,2021-2022
Alavés,Fernando Pacheco,ESP,GK,29,1992,34,34,3053,33.9,60,1.77,148,85,62.8,8,5,21,5,14.7,8,5,3,0,37.5,La Liga,2021-2022
Alavés,Jesús Owono,EQG,GK,20,2001,1,1,90,1.0,1,1.00,4,3,75.0,0,1,0,0,0.0,0,0,0,0,,La Liga,2021-2022
Athletic Club,Julen Agirrezabala,ESP,GK,20,2000,4,4,360,4.0,5,1.25,20,15,75.0,1,2,1,1,25.0,0,0,0,0,,La Liga,2021-2022
Athletic Club,Unai Simón,ESP,GK,24,1997,34,34,3060,34.0,31,0.91,111,81,74.8,13,11,10,12,35.3,3,3,0,0,0.0,La Liga,2021-2022
Atlético Madrid,Jan Oblak,SVN,GK,28,1993,38,38,3420,38.0,43,1.13,106,65,66.0,21,8,9,12,31.6,8,7,1,0,12.5,La Liga,2021-2022
Barcelona,Marc-André ter Stegen,GER,GK,29,1992,35,35,3150,35.0,34,0.97,109,74,70.6,19,9,7,11,31.4,3,2,1,0,33.3,La Liga,2021-2022
Barcelona,Neto,BRA,GK,32,1989,3,3,270,3.0,4,1.33,14,10,71.4,2,1,0,0,0.0,0,0,0,0,,La Liga,2021-2022
Betis,Claudio Bravo,CHI,GK,38,1983,17,17,1456,16.2,19,1.17,56,39,67.9,8,4,5,5,29.4,1,1,0,0,0.0,La Liga,2021-2022
Betis,Rui Silva,POR,GK,27,1994,22,21,1964,21.8,21,0.96,76,55,75.0,11,4,6,8,38.1,2,2,0,0,0.0,La Liga,2021-2022
Celta Vigo,Matías Dituro,ARG,GK,34,1987,38,38,3420,38.0,43,1.13,136,91,71.3,12,10,16,14,36.8,8,4,4,0,50.0,La Liga,2021-2022
Cádiz,Jeremías Ledesma,ARG,GK,28,1993,38,38,3420,38.0,51,1.34,170,117,76.5,8,15,15,13,34.2,13,11,2,0,15.4,La Liga,2021-2022
Elche,Kiko Casilla,ESP,GK,34,1986,14,14,1260,14.0,17,1.21,60,43,71.7,3,4,7,3,21.4,0,0,0,0,,La Liga,2021-2022
Elche,Édgar Badía,ESP,GK,29,1992,24,24,2160,24.0,35,1.46,114,78,75.4,8,5,11,5,20.8,9,7,1,1,12.5,La Liga,2021-2022
Espanyol,Diego López,ESP,GK,39,1981,36,36,3177,35.3,49,1.39,157,110,70.7,10,12,14,9,25.0,4,3,0,1,0.0,La Liga,2021-2022
Espanyol,Joan García,ESP,GK,20,2001,2,1,108,1.2,3,2.50,3,0,0.0,0,0,1,0,0.0,0,0,0,0,,La Liga,2021-2022
Espanyol,Oier Olazábal,ESP,GK,31,1989,2,1,135,1.5,1,0.67,9,8,100.0,0,0,1,1,100.0,1,1,0,0,0.0,La Liga,2021-2022
Getafe,David Soria,ESP,GK,28,1993,38,38,3414,37.9,41,1.08,132,91,70.5,8,15,15,13,34.2,4,2,1,1,33.3,La Liga,2021-2022
Getafe,Diego Conde,ESP,GK,22,1998,1,0,6,0.1,0,0.00,0,0,,0,0,0,1,,0,0,0,0,,La Liga,2021-2022
Granada,Aarón Escandell,ESP,GK,25,1995,4,3,284,3.2,6,1.90,16,10,75.0,0,2,1,1,33.3,2,2,0,0,0.0,La Liga,2021-2022
Granada,Luís Maximiano,POR,GK,22,1999,35,35,3136,34.8,55,1.58,177,122,71.8,8,12,15,7,20.0,7,5,2,0,28.6,La Liga,2021-2022
Levante,Aitor Fernández,ESP,GK,30,1991,13,13,1166,13.0,29,2.24,81,51,65.4,1,5,7,2,15.4,2,1,1,0,50.0,La Liga,2021-2022
Levante,Alejandro Primo,ESP,GK,17,2004,1,1,90,1.0,1,1.00,2,1,50.0,1,0,0,0,0.0,0,0,0,0,,La Liga,2021-2022
Levante,Cárdenas,ESP,GK,24,1997,24,24,2160,24.0,46,1.92,120,74,65.0,6,6,12,5,20.8,4,4,0,0,0.0,La Liga,2021-2022
Levante,Rúben Vezo,POR,DF,27,1994,1,1,4,26.9,0,0.00,0,0,,0,0,0,0,0.0,0,0,0,0,,La Liga,2021-2022
Mallorca,Dominik Greif,SVK,GK,24,1997,1,1,90,1.0,3,3.00,6,3,50.0,0,0,1,0,0.0,0,0,0,0,,La Liga,2021-2022
Mallorca,Leonardo Román,ESP,GK,21,2000,2,2,180,2.0,5,2.50,14,10,71.4,0,0,2,0,0.0,1,1,0,0,0.0,La Liga,2021-2022
Mallorca,Manolo Reina,ESP,GK,36,1985,21,21,1890,21.0,26,1.24,75,49,68.0,6,9,6,8,38.1,3,2,1,0,33.3,La Liga,2021-2022
Mallorca,Sergio Rico,ESP,GK,27,1993,14,14,1260,14.0,29,2.07,57,29,54.4,4,0,10,1,7.1,4,3,1,0,25.0,La Liga,2021-2022
Osasuna,Juan Pérez,ESP,GK,25,1996,2,2,180,2.0,3,1.50,4,2,25.0,0,1,1,0,0.0,0,0,0,0,,La Liga,2021-2022
Osasuna,Sergio Herrera,ESP,GK,28,1993,36,36,3240,36.0,48,1.33,147,97,70.1,12,10,14,12,33.3,7,4,3,0,42.9,La Liga,2021-2022
Rayo Vallecano,Luca Zidane,FRA,GK,23,1998,8,8,645,7.2,13,1.81,37,24,64.9,0,1,7,0,0.0,0,0,0,0,,La Liga,2021-2022
Rayo Vallecano,Stole Dimitrievski,MKD,GK,27,1993,31,30,2772,30.8,37,1.20,126,88,76.2,11,8,11,9,30.0,9,7,2,0,22.2,La Liga,2021-2022
Real Madrid,Andriy Lunin,UKR,GK,22,1999,2,2,180,2.0,2,1.00,9,6,88.9,0,1,1,0,0.0,2,1,1,0,50.0,La Liga,2021-2022
Real Madrid,Thibaut Courtois,BEL,GK,29,1992,36,36,3240,36.0,29,0.81,120,91,77.5,26,7,3,16,44.4,3,2,1,0,33.3,La Liga,2021-2022
Real Sociedad,Mathew Ryan,AUS,GK,29,1992,3,3,270,3.0,5,1.67,15,10,73.3,2,0,1,1,33.3,1,1,0,0,0.0,La Liga,2021-2022
Real Sociedad,Álex Remiro,ESP,GK,26,1995,35,35,3150,35.0,32,0.91,112,79,75.0,15,11,9,19,54.3,5,4,1,0,20.0,La Liga,2021-2022
Sevilla,Javier Díaz,ESP,GK,24,1997,1,1,90,1.0,1,1.00,2,1,50.0,0,1,0,0,0.0,0,0,0,0,,La Liga,2021-2022
Sevilla,Marko Dmitrović,SRB,GK,29,1992,6,6,540,6.0,5,0.83,19,14,73.7,4,2,0,4,66.7,0,0,0,0,,La Liga,2021-2022
Sevilla,Yassine Bounou,MAR,GK,30,1991,31,31,2790,31.0,24,0.77,100,75,78.0,14,13,4,13,41.9,4,2,1,1,33.3,La Liga,2021-2022
Valencia,Giorgi Mamardashvili,GEO,GK,20,2000,18,18,1620,18.0,20,1.11,75,55,76.0,5,7,6,8,44.4,2,2,0,0,0.0,La Liga,2021-2022
Valencia,Jasper Cillessen,NED,GK,32,1989,17,17,1457,16.2,29,1.79,77,49,68.8,4,8,5,3,17.6,6,5,1,0,16.7,La Liga,2021-2022
Valencia,Jaume Doménech,ESP,GK,30,1990,4,3,343,3.8,4,1.05,11,8,63.6,2,0,1,1,33.3,0,0,0,0,,La Liga,2021-2022
Villarreal,Gerónimo Rulli,ARG,GK,29,1992,32,32,2880,32.0,28,0.87,100,72,75.0,14,9,9,14,43.8,4,3,1,0,25.0,La Liga,2021-2022
Villarreal,Sergio Asenjo,ESP,GK,32,1989,6,6,540,6.0,9,1.50,28,19,71.4,2,2,2,0,0.0,1,1,0,0,0.0,La Liga,2021-2022
Arsenal,David Ospina,COL,GK,28,1988,5,4,381,4.2,3,0.71,12,9,75.0,3,0,1,2,50.0,0,0,0,0,,Premier League,2017-2018
Arsenal,Petr Čech,CZE,GK,35,1982,34,34,3039,33.8,48,1.42,135,85,68.1,16,6,12,11,32.4,6,5,1,0,16.7,Premier League,2017-2018
Bournemouth,Asmir Begović,BIH,GK,30,1987,38,38,3420,38.0,61,1.61,170,109,65.3,11,11,16,6,15.8,3,2,1,0,33.3,Premier League,2017-2018
Brighton,Mathew Ryan,AUS,GK,25,1992,38,38,3420,38.0,54,1.42,172,121,69.2,9,13,16,10,26.3,3,1,2,0,66.7,Premier League,2017-2018
Burnley,Nick Pope,ENG,GK,25,1992,35,34,3115,34.6,35,1.01,148,113,78.4,12,11,11,12,35.3,5,3,1,1,25.0,Premier League,2017-2018
Burnley,Tom Heaton,ENG,GK,31,1986,4,4,305,3.4,4,1.18,12,8,66.7,2,1,1,0,0.0,0,0,0,0,,Premier League,2017-2018
Chelsea,Thibaut Courtois,BEL,GK,25,1992,35,35,3150,35.0,34,0.97,106,74,69.8,20,6,9,15,42.9,2,2,0,0,0.0,Premier League,2017-2018
Chelsea,Willy Caballero,ARG,GK,35,1981,3,3,270,3.0,4,1.33,11,7,63.6,1,1,1,1,33.3,0,0,0,0,,Premier League,2017-2018
Crystal Palace,Julián Speroni,ARG,GK,38,1979,11,11,990,11.0,14,1.27,43,29,69.8,3,5,3,2,18.2,1,1,0,0,0.0,Premier League,2017-2018
Crystal Palace,Wayne Hennessey,WAL,GK,30,1987,27,27,2430,27.0,41,1.52,127,88,68.5,8,6,13,7,25.9,1,1,0,0,0.0,Premier League,2017-2018
Everton,Jordan Pickford,ENG,GK,23,1994,38,38,3420,38.0,58,1.53,178,119,69.1,13,10,15,10,26.3,5,3,1,1,25.0,Premier League,2017-2018
Huddersfield,Jonas Lössl,DEN,GK,28,1989,38,38,3420,38.0,58,1.53,158,99,65.8,9,10,19,10,26.3,6,4,2,0,33.3,Premier League,2017-2018
Leicester City,Ben Hamer,ENG,GK,29,1987,4,3,275,3.1,7,2.29,13,6,53.8,0,1,2,1,33.3,1,1,0,0,0.0,Premier League,2017-2018
Leicester City,Eldin Jakupović,SUI,GK,32,1984,2,2,180,2.0,6,3.00,13,8,53.8,1,0,1,0,0.0,0,0,0,0,,Premier League,2017-2018
Leicester City,Kasper Schmeichel,DEN,GK,30,1986,33,33,2965,32.9,47,1.43,138,90,66.7,11,10,12,8,24.2,3,1,2,0,66.7,Premier League,2017-2018
Liverpool,Loris Karius,GER,GK,24,1993,19,19,1710,19.0,14,0.74,45,30,73.3,11,5,3,10,52.6,3,2,1,0,33.3,Premier League,2017-2018
Liverpool,Simon Mignolet,BEL,GK,29,1988,19,19,1710,19.0,24,1.26,59,34,62.7,10,7,2,7,36.8,3,2,1,0,33.3,Premier League,2017-2018
Manchester City,Claudio Bravo,CHI,GK,34,1983,3,2,226,2.5,1,0.40,5,4,80.0,2,0,0,2,100.0,0,0,0,0,,Premier League,2017-2018
Manchester City,Ederson,BRA,GK,23,1993,36,36,3194,35.5,26,0.73,80,54,67.5,30,4,2,16,44.4,2,0,2,0,100.0,Premier League,2017-2018
Manchester Utd,David de Gea,ESP,GK,26,1990,37,37,3330,37.0,28,0.76,140,114,80.7,24,6,7,18,48.6,1,1,0,0,0.0,Premier League,2017-2018
Manchester Utd,Sergio Romero,ARG,GK,30,1987,1,1,90,1.0,0,0.00,3,3,100.0,1,0,0,1,100.0,0,0,0,0,,Premier League,2017-2018
Newcastle Utd,Karl Darlow,ENG,GK,26,1990,10,10,900,10.0,15,1.50,47,34,74.5,1,5,4,2,20.0,3,3,0,0,0.0,Premier League,2017-2018
Newcastle Utd,Martin Dúbravka,SVK,GK,28,1989,12,12,1080,12.0,11,0.92,37,25,70.3,6,1,5,4,33.3,1,0,1,0,100.0,Premier League,2017-2018
Newcastle Utd,Rob Elliot,IRL,GK,31,1986,16,16,1440,16.0,21,1.31,64,43,68.8,5,2,9,3,18.8,2,1,1,0,50.0,Premier League,2017-2018
Southampton,Alex McCarthy,ENG,GK,27,1989,18,18,1620,18.0,26,1.44,68,42,63.2,3,8,7,4,22.2,1,1,0,0,0.0,Premier League,2017-2018
Southampton,Fraser Forster,ENG,GK,29,1988,20,20,1800,20.0,30,1.50,97,66,69.1,4,7,9,4,20.0,1,0,1,0,100.0,Premier League,2017-2018
Stoke City,Jack Butland,ENG,GK,24,1993,35,35,3150,35.0,61,1.74,201,142,72.1,7,11,17,6,17.1,5,5,0,0,0.0,Premier League,2017-2018
Stoke City,Lee Grant,ENG,GK,34,1983,3,3,270,3.0,7,2.33,15,8,53.3,0,1,2,0,0.0,0,0,0,0,,Premier League,2017-2018
Swansea City,Łukasz Fabiański,POL,GK,32,1985,38,38,3420,38.0,56,1.47,190,133,72.1,8,9,21,9,23.7,6,3,3,0,50.0,Premier League,2017-2018
Tottenham,Hugo Lloris,FRA,GK,30,1986,36,36,3240,36.0,35,0.97,117,82,71.8,22,7,7,15,41.7,3,2,0,1,0.0,Premier League,2017-2018
Tottenham,Michel Vorm,NED,GK,33,1983,1,1,90,1.0,1,1.00,4,4,75.0,0,1,0,0,0.0,0,0,0,0,,Premier League,2017-2018
Tottenham,Paulo Gazzaniga,ARG,GK,25,1992,1,1,90,1.0,0,0.00,3,3,100.0,1,0,0,1,100.0,0,0,0,0,,Premier League,2017-2018
Watford,Heurelho Gomes,BRA,GK,36,1981,24,24,2128,23.6,40,1.69,100,61,63.0,7,5,12,5,20.8,3,3,0,0,0.0,Premier League,2017-2018
Watford,Orestis Karnezis,GRE,GK,32,1985,15,14,1292,14.4,24,1.67,56,32,62.5,4,3,7,4,28.6,3,3,0,0,0.0,Premier League,2017-2018
West Brom,Ben Foster,ENG,GK,34,1983,37,37,3330,37.0,55,1.49,151,98,64.2,6,12,19,10,27.0,1,1,0,0,0.0,Premier League,2017-2018
West Brom,Boaz Myhill,WAL,GK,34,1982,1,1,90,1.0,1,1.00,3,2,66.7,0,1,0,0,0.0,0,0,0,0,,Premier League,2017-2018
West Ham,Adrián,ESP,GK,30,1987,19,19,1710,19.0,29,1.53,96,68,70.8,7,6,6,6,31.6,1,1,0,0,0.0,Premier League,2017-2018
West Ham,Joe Hart,ENG,GK,30,1987,19,19,1710,19.0,39,2.05,91,51,61.5,3,6,10,4,21.1,5,4,1,0,20.0,Premier League,2017-2018
Arsenal,Bernd Leno,GER,GK,26,1992,32,31,2835,31.5,42,1.33,145,104,75.9,16,7,8,7,22.6,7,7,0,0,0.0,Premier League,2018-2019
Arsenal,Petr Čech,CZE,GK,36,1982,7,7,585,6.5,9,1.38,37,28,75.7,5,0,2,1,14.3,0,0,0,0,,Premier League,2018-2019
Bournemouth,Artur Boruc,POL,GK,38,1980,12,12,1080,12.0,18,1.50,56,38,73.2,4,3,5,4,33.3,3,3,0,0,0.0,Premier League,2018-2019
Bournemouth,Asmir Begović,BIH,GK,31,1987,24,24,2160,24.0,47,1.96,104,59,56.7,8,3,13,5,20.8,2,2,0,0,0.0,Premier League,2018-2019
Bournemouth,Mark Travers,IRL,GK,19,1999,2,2,180,2.0,5,2.50,13,9,61.5,1,0,1,1,50.0,0,0,0,0,,Premier League,2018-2019
Brighton,David Button,ENG,GK,29,1989,4,4,360,4.0,5,1.25,18,13,83.3,1,1,2,1,25.0,2,2,0,0,0.0,Premier League,2018-2019
Brighton,Mathew Ryan,AUS,GK,26,1992,34,34,3060,34.0,55,1.62,152,96,69.1,8,8,18,6,17.6,8,8,0,0,0.0,Premier League,2018-2019
Burnley,Joe Hart,ENG,GK,31,1987,19,19,1710,19.0,41,2.16,116,75,65.5,3,3,13,4,21.1,2,1,1,0,50.0,Premier League,2018-2019
Burnley,Tom Heaton,ENG,GK,32,1986,19,19,1710,19.0,27,1.42,83,59,68.7,8,4,7,4,21.1,1,1,0,0,0.0,Premier League,2018-2019
Cardiff City,Neil Etheridge,PHI,GK,28,1990,38,38,3420,38.0,69,1.82,207,135,68.6,10,4,24,10,26.3,7,4,3,0,42.9,Premier League,2018-2019
Chelsea,Kepa Arrizabalaga,ESP,GK,23,1994,36,36,3240,36.0,39,1.08,121,81,68.6,20,8,8,14,38.9,2,1,1,0,50.0,Premier League,2018-2019
Chelsea,Willy Caballero,ARG,GK,36,1981,2,2,180,2.0,0,0.00,3,3,100.0,1,1,0,2,100.0,0,0,0,0,,Premier League,2018-2019
Crystal Palace,Julián Speroni,ARG,GK,39,1979,1,1,90,1.0,4,4.00,9,5,55.6,0,0,1,0,0.0,0,0,0,0,,Premier League,2018-2019
Crystal Palace,Vicente Guaita,ESP,GK,31,1987,20,20,1755,19.5,23,1.18,85,63,74.1,10,4,6,7,35.0,1,1,0,0,0.0,Premier League,2018-2019
Crystal Palace,Wayne Hennessey,WAL,GK,31,1987,18,17,1575,17.5,26,1.49,69,42,66.7,4,3,10,5,29.4,4,3,1,0,25.0,Premier League,2018-2019
Everton,Jordan Pickford,ENG,GK,24,1994,38,38,3420,38.0,46,1.21,136,89,67.6,15,9,14,14,36.8,5,2,3,0,60.0,Premier League,2018-2019
Fulham,Fabricio,ESP,GK,30,1987,2,2,180,2.0,5,2.50,21,16,76.2,0,0,2,0,0.0,0,0,0,0,,Premier League,2018-2019
Fulham,Marcus Bettinelli,ENG,GK,26,1992,7,7,630,7.0,20,2.86,40,19,52.5,1,2,4,0,0.0,3,1,1,1,50.0,Premier League,2018-2019
Fulham,Sergio Rico,ESP,GK,24,1993,29,29,2610,29.0,56,1.93,165,111,68.5,6,3,20,5,17.2,4,4,0,0,0.0,Premier League,2018-2019
Huddersfield,Ben Hamer,ENG,GK,30,1987,7,7,553,6.1,21,3.42,42,22,57.1,0,1,6,0,0.0,3,3,0,0,0.0,Premier League,2018-2019
Huddersfield,Joel Coleman,ENG,GK,22,1995,1,1,90,1.0,1,1.00,3,2,66.7,0,1,0,0,0.0,0,0,0,0,,Premier League,2018-2019
Huddersfield,Jonas Lössl,DEN,GK,29,1989,31,30,2777,30.9,54,1.75,141,86,64.5,3,5,22,5,16.7,5,4,1,0,20.0,Premier League,2018-2019
Leicester City,Kasper Schmeichel,DEN,GK,31,1986,38,38,3420,38.0,48,1.26,138,90,68.8,15,7,16,10,26.3,5,5,0,0,0.0,Premier League,2018-2019
Liverpool,Alisson,BRA,GK,25,1992,38,38,3420,38.0,22,0.58,96,74,77.1,30,7,1,21,55.3,1,0,0,1,,Premier League,2018-2019
Manchester City,Ederson,BRA,GK,24,1993,38,38,3420,38.0,23,0.61,81,58,76.5,32,2,4,20,52.6,4,4,0,0,0.0,Premier League,2018-2019
Manchester Utd,David de Gea,ESP,GK,27,1990,38,38,3420,38.0,54,1.42,171,120,71.9,19,9,10,7,18.4,6,6,0,0,0.0,Premier League,2018-2019
Newcastle Utd,Martin Dúbravka,SVK,GK,29,1989,38,38,3420,38.0,48,1.26,140,93,70.0,12,9,17,11,28.9,6,6,0,0,0.0,Premier League,2018-2019
Southampton,Alex McCarthy,ENG,GK,28,1989,25,25,2250,25.0,44,1.76,119,78,64.7,5,8,12,4,16.0,2,2,0,0,0.0,Premier League,2018-2019
Southampton,Angus Gunn,ENG,GK,22,1996,12,12,1080,12.0,18,1.50,50,31,64.0,4,4,4,3,25.0,1,0,1,0,100.0,Premier League,2018-2019
Southampton,Fraser Forster,ENG,GK,30,1988,1,1,90,1.0,3,3.00,6,3,50.0,0,0,1,0,0.0,0,0,0,0,,Premier League,2018-2019
Tottenham,Hugo Lloris,FRA,GK,31,1986,33,33,2970,33.0,33,1.00,130,98,76.9,21,2,10,12,36.4,5,3,2,0,40.0,Premier League,2018-2019
Tottenham,Michel Vorm,NED,GK,34,1983,2,2,180,2.0,4,2.00,13,9,69.2,0,0,2,0,0.0,0,0,0,0,,Premier League,2018-2019
Tottenham,Paulo Gazzaniga,ARG,GK,26,1992,3,3,270,3.0,2,0.67,13,11,84.6,2,0,1,1,33.3,0,0,0,0,,Premier League,2018-2019
Watford,Ben Foster,ENG,GK,35,1983,38,38,3420,38.0,59,1.55,180,123,69.4,14,8,16,7,18.4,5,4,1,0,20.0,Premier League,2018-2019
West Ham,Łukasz Fabiański,POL,GK,33,1985,38,38,3420,38.0,55,1.45,198,143,74.2,15,7,16,7,18.4,5,4,1,0,20.0,Premier League,2018-2019
Wolves,John Ruddy,ENG,GK,31,1986,1,1,90,1.0,0,0.00,3,3,100.0,1,0,0,1,100.0,0,0,0,0,,Premier League,2018-2019
Wolves,Rui Patrício,POR,GK,30,1988,37,37,3330,37.0,46,1.24,138,96,68.8,15,9,13,7,18.9,4,3,0,1,0.0,Premier League,2018-2019
Wolves,Will Norris,ENG,GK,24,1993,1,0,,0.0,0,,0,0,,0,0,0,1,,0,0,0,0,,Premier League,2018-2019
Arsenal,Bernd Leno,GER,GK,27,1992,30,30,2649,29.4,39,1.33,151,111,78.1,9,13,8,7,23.3,7,6,1,0,14.3,Premier League,2019-2020
Arsenal,Emiliano Martínez,ARG,GK,26,1992,9,8,771,8.6,9,1.05,42,33,81.0,5,1,2,3,37.5,1,1,0,0,0.0,Premier League,2019-2020
Aston Villa,Jed Steer,ENG,GK,26,1992,1,1,7,0.1,,,,,,,,1,,,,,,,,Premier League,2019-2020
Aston Villa,Pepe Reina,ESP,GK,36,1982,12,12,1080,12.0,20,1.67,53,32,66.0,3,3,6,2,16.7,3,2,1,0,33.3,Premier League,2019-2020
Aston Villa,Tom Heaton,ENG,GK,33,1986,20,20,1794,19.9,35,1.76,102,68,68.6,6,3,11,4,20.0,3,3,0,0,0.0,Premier League,2019-2020
Aston Villa,Ørjan Nyland,NOR,GK,28,1990,7,5,539,6.0,12,2.00,27,15,55.6,0,2,3,1,20.0,0,0,0,0,,Premier League,2019-2020
Bournemouth,Aaron Ramsdale,ENG,GK,21,1998,37,37,3330,37.0,62,1.68,187,124,69.5,9,7,21,5,13.5,6,5,1,0,16.7,Premier League,2019-2020
Bournemouth,Mark Travers,IRL,GK,20,1999,1,1,90,1.0,3,3.00,5,2,40.0,0,0,1,0,0.0,0,0,0,0,,Premier League,2019-2020
Brighton,Mathew Ryan,AUS,GK,27,1992,38,38,3420,38.0,54,1.42,168,116,69.0,9,14,15,9,23.7,2,2,0,0,0.0,Premier League,2019-2020
Burnley,Nick Pope,ENG,GK,27,1992,38,38,3420,38.0,50,1.32,167,117,72.5,15,9,14,15,39.5,5,4,1,0,20.0,Premier League,2019-2020
Chelsea,Kepa Arrizabalaga,ESP,GK,24,1994,33,33,2970,33.0,47,1.42,99,54,54.5,18,4,11,8,24.2,2,2,0,0,0.0,Premier League,2019-2020
Chelsea,Willy Caballero,ARG,GK,37,1981,5,5,450,5.0,7,1.40,16,10,56.3,2,2,1,1,20.0,0,0,0,0,,Premier League,2019-2020
Crystal Palace,Vicente Guaita,ESP,GK,32,1987,35,35,3150,35.0,42,1.20,149,109,71.8,11,9,15,10,28.6,1,0,0,1,,Premier League,2019-2020
Crystal Palace,Wayne Hennessey,WAL,GK,32,1987,3,3,270,3.0,8,2.67,23,15,65.2,0,1,2,0,0.0,0,0,0,0,,Premier League,2019-2020
Everton,Jordan Pickford,ENG,GK,25,1994,38,38,3420,38.0,56,1.47,147,94,63.9,13,10,15,9,23.7,4,3,0,1,0.0,Premier League,2019-2020
Leicester City,Kasper Schmeichel,DEN,GK,32,1986,38,38,3420,38.0,41,1.08,135,94,75.6,18,8,12,13,34.2,10,8,2,0,20.0,Premier League,2019-2020
Liverpool,Adrián,ESP,GK,32,1987,11,9,875,9.7,10,1.03,27,17,63.0,9,0,0,2,22.2,0,0,0,0,,Premier League,2019-2020
Liverpool,Alisson,BRA,GK,26,1992,29,29,2543,28.3,23,0.81,80,58,72.5,23,3,3,13,44.8,1,1,0,0,0.0,Premier League,2019-2020
Manchester City,Claudio Bravo,CHI,GK,36,1983,4,3,347,3.9,7,1.82,15,8,53.3,2,0,1,1,33.3,0,0,0,0,,Premier League,2019-2020
Manchester City,Ederson,BRA,GK,25,1993,35,35,3071,34.1,28,0.82,95,68,73.7,24,3,8,16,45.7,3,3,0,0,0.0,Premier League,2019-2020
Manchester Utd,David de Gea,ESP,GK,28,1990,38,38,3420,38.0,36,0.95,131,96,74.8,18,12,8,13,34.2,3,3,0,0,0.0,Premier League,2019-2020
Newcastle Utd,Martin Dúbravka,SVK,GK,30,1989,38,38,3420,38.0,58,1.53,195,139,71.3,11,11,16,11,28.9,2,2,0,0,0.0,Premier League,2019-2020
Norwich City,Michael McGovern,NIR,GK,35,1984,2,1,159,1.8,6,3.40,13,6,53.8,0,0,1,0,0.0,1,0,1,0,100.0,Premier League,2019-2020
Norwich City,Ralf Fährmann,GER,GK,30,1988,1,1,21,0.2,1,4.29,2,1,100.0,,,1,,,,1,,,,Premier League,2019-2020
Norwich City,Tim Krul,NED,GK,31,1988,36,36,3240,36.0,68,1.89,195,128,66.7,5,6,25,5,13.9,5,3,2,0,40.0,Premier League,2019-2020
Sheffield Utd,Dean Henderson,ENG,GK,22,1997,36,36,3240,36.0,33,0.92,128,94,75.0,14,11,11,13,36.1,3,1,1,1,50.0,Premier League,2019-2020
Sheffield Utd,Simon Moore,ENG,GK,29,1990,2,2,180,2.0,6,3.00,11,5,45.5,0,1,1,0,0.0,0,0,0,0,,Premier League,2019-2020
Southampton,Alex McCarthy,ENG,GK,29,1989,28,28,2520,28.0,35,1.25,113,78,69.9,13,5,10,7,25.0,2,1,1,0,50.0,Premier League,2019-2020
Southampton,Angus Gunn,ENG,GK,23,1996,10,10,900,10.0,25,2.50,55,30,58.2,2,2,6,2,20.0,2,2,0,0,0.0,Premier League,2019-2020
Tottenham,Hugo Lloris,FRA,GK,32,1986,21,21,1807,20.1,21,1.05,99,78,80.8,11,6,4,6,28.6,3,2,1,0,33.3,Premier League,2019-2020
Tottenham,Paulo Gazzaniga,ARG,GK,27,1992,18,17,1613,17.9,26,1.45,82,56,72.0,5,5,7,2,11.8,4,3,1,0,25.0,Premier League,2019-2020
Watford,Ben Foster,ENG,GK,36,1983,38,38,3420,38.0,64,1.68,178,116,68.5,8,10,20,9,23.7,9,8,1,0,11.1,Premier League,2019-2020
West Ham,Darren Randolph,IRL,GK,32,1987,2,2,180,2.0,5,2.50,11,6,63.6,0,1,1,0,0.0,1,1,0,0,0.0,Premier League,2019-2020
West Ham,David Martin,ENG,GK,33,1986,5,4,436,4.8,6,1.24,21,15,71.4,2,0,2,2,50.0,0,0,0,0,,Premier League,2019-2020
West Ham,Roberto,ESP,GK,33,1986,8,7,687,7.6,17,2.23,51,35,68.6,0,1,6,0,0.0,1,1,0,0,0.0,Premier League,2019-2020
West Ham,Łukasz Fabiański,POL,GK,34,1985,25,25,2117,23.5,34,1.45,104,71,70.2,8,7,10,5,20.0,4,3,1,0,25.0,Premier League,2019-2020
Wolves,Rui Patrício,POR,GK,31,1988,38,38,3420,38.0,40,1.05,129,88,69.8,15,14,9,13,34.2,3,1,2,0,66.7,Premier League,2019-2020
Arsenal,Bernd Leno,GER,GK,28,1992,35,35,3131,34.8,37,1.06,117,83,69.2,17,6,12,11,31.4,2,1,1,0,50.0,Premier League,2020-2021
Arsenal,Mathew Ryan,AUS,GK,28,1992,3,3,270,3.0,2,0.67,10,8,90.0,1,1,1,1,33.3,1,1,0,0,0.0,Premier League,2020-2021
Arsenal,Rúnar Alex Rúnarsson,ISL,GK,25,1995,1,0,16,0.2,0,0.00,2,2,100.0,0,0,0,0,,0,0,0,0,,Premier League,2020-2021
Aston Villa,Emiliano Martínez,ARG,GK,27,1992,38,38,3420,38.0,46,1.21,186,133,78.0,16,7,15,15,39.5,6,5,1,0,16.7,Premier League,2020-2021
Brighton,Mathew Ryan,AUS,GK,28,1992,11,11,990,11.0,19,1.73,34,16,55.9,2,4,5,2,18.2,4,4,0,0,0.0,Premier League,2020-2021
Brighton,Robert Sánchez,ESP,GK,22,1997,27,27,2430,27.0,27,1.00,91,65,72.5,7,10,10,10,37.0,3,2,0,1,0.0,Premier League,2020-2021
Burnley,Bailey Peacock-Farrell,NIR,GK,23,1996,4,4,360,4.0,14,3.50,24,10,41.7,0,0,4,0,0.0,0,0,0,0,,Premier League,2020-2021
Burnley,Nick Pope,ENG,GK,28,1992,32,32,2880,32.0,37,1.16,149,113,77.2,10,9,13,11,34.4,3,3,0,0,0.0,Premier League,2020-2021
Burnley,Will Norris,ENG,GK,26,1993,2,2,180,2.0,4,2.00,6,2,33.3,0,0,2,0,0.0,0,0,0,0,,Premier League,2020-2021
Chelsea,Edouard Mendy,SEN,GK,28,1992,31,31,2745,30.5,25,0.82,81,56,71.6,17,7,7,16,51.6,3,2,1,0,33.3,Premier League,2020-2021
Chelsea,Kepa Arrizabalaga,ESP,GK,25,1994,7,6,585,6.5,8,1.23,23,15,69.6,2,2,2,2,33.3,1,1,0,0,0.0,Premier League,2020-2021
Chelsea,Willy Caballero,ARG,GK,38,1981,1,1,90,1.0,3,3.00,3,0,0.0,0,1,0,0,0.0,0,0,0,0,,Premier League,2020-2021
Crystal Palace,Jack Butland,ENG,GK,27,1993,1,1,90,1.0,2,2.00,5,3,60.0,1,0,0,0,0.0,0,0,0,0,,Premier League,2020-2021
Crystal Palace,Vicente Guaita,ESP,GK,33,1987,37,37,3330,37.0,64,1.73,169,104,63.9,11,8,18,8,21.6,4,3,1,0,25.0,Premier League,2020-2021
Everton,Jordan Pickford,ENG,GK,26,1994,31,31,2742,30.5,39,1.28,128,90,71.1,15,5,11,10,32.3,3,2,0,1,0.0,Premier League,2020-2021
Everton,João Virgínia,POR,GK,20,1999,1,0,48,0.5,0,0.00,3,3,100.0,0,0,0,0,,0,0,0,0,,Premier League,2020-2021
Everton,Robin Olsen,SWE,GK,30,1990,7,7,630,7.0,9,1.29,30,21,73.3,2,3,2,2,28.6,1,1,0,0,0.0,Premier League,2020-2021
Fulham,Alphonse Areola,FRA,GK,27,1993,36,36,3240,36.0,48,1.33,161,114,73.9,5,13,18,9,25.0,6,6,0,0,0.0,Premier League,2020-2021
Fulham,Marek Rodák,SVK,GK,23,1996,2,2,180,2.0,5,2.50,9,4,55.6,0,0,2,0,0.0,1,1,0,0,0.0,Premier League,2020-2021
Leeds United,Illan Meslier,FRA,GK,20,2000,35,35,3150,35.0,52,1.49,188,137,76.6,16,5,14,11,31.4,9,8,1,0,11.1,Premier League,2020-2021
Leeds United,Kiko Casilla,ESP,GK,33,1986,3,3,270,3.0,2,0.67,10,8,80.0,2,0,1,1,33.3,0,0,0,0,,Premier League,2020-2021
Leicester City,Kasper Schmeichel,DEN,GK,33,1986,38,38,3420,38.0,50,1.32,136,88,66.2,20,6,12,11,28.9,4,4,0,0,0.0,Premier League,2020-2021
Liverpool,Adrián,ESP,GK,33,1987,3,3,270,3.0,9,3.00,18,9,50.0,1,1,1,1,33.3,0,0,0,0,,Premier League,2020-2021
Liverpool,Alisson,BRA,GK,27,1992,33,33,2970,33.0,32,0.97,115,82,75.7,18,8,7,10,30.3,8,4,1,3,20.0,Premier League,2020-2021
Liverpool,Caoimhín Kelleher,IRL,GK,21,1998,2,2,180,2.0,1,0.50,7,6,85.7,1,0,1,1,50.0,0,0,0,0,,Premier League,2020-2021
Manchester City,Ederson,BRA,GK,26,1993,36,36,3240,36.0,28,0.78,93,65,77.4,25,5,6,19,52.8,8,7,1,0,12.5,Premier League,2020-2021
Manchester City,Scott Carson,ENG,GK,34,1985,1,1,90,1.0,3,3.00,5,1,60.0,1,0,0,0,0.0,2,1,1,0,50.0,Premier League,2020-2021
Manchester City,Zack Steffen,USA,GK,25,1995,1,1,90,1.0,1,1.00,2,1,50.0,1,0,0,0,0.0,0,0,0,0,,Premier League,2020-2021
Manchester Utd,David de Gea,ESP,GK,29,1990,26,26,2295,25.5,32,1.25,90,59,68.9,12,9,5,9,34.6,4,4,0,0,0.0,Premier League,2020-2021
Manchester Utd,Dean Henderson,ENG,GK,23,1997,13,12,1125,12.5,12,0.96,51,39,76.5,9,2,1,4,33.3,0,0,0,0,,Premier League,2020-2021
Newcastle Utd,Karl Darlow,ENG,GK,29,1990,25,25,2250,25.0,43,1.72,126,84,68.3,7,4,14,4,16.0,4,3,1,0,25.0,Premier League,2020-2021
Newcastle Utd,Martin Dúbravka,SVK,GK,31,1989,13,13,1170,13.0,19,1.46,62,44,71.0,5,5,3,3,23.1,1,1,0,0,0.0,Premier League,2020-2021
Sheffield Utd,Aaron Ramsdale,ENG,GK,22,1998,38,38,3420,38.0,63,1.66,206,145,70.9,7,2,29,5,13.2,4,3,0,1,0.0,Premier League,2020-2021
Southampton,Alex McCarthy,ENG,GK,30,1989,30,30,2700,30.0,57,1.90,147,91,65.3,8,7,15,7,23.3,6,6,0,0,0.0,Premier League,2020-2021
Southampton,Fraser Forster,ENG,GK,32,1988,8,8,720,8.0,11,1.37,31,19,71.0,4,0,4,2,25.0,3,2,1,0,33.3,Premier League,2020-2021
Tottenham,Hugo Lloris,FRA,GK,33,1986,38,38,3420,38.0,45,1.18,155,113,77.4,18,8,12,12,31.6,10,10,0,0,0.0,Premier League,2020-2021
West Brom,David Button,ENG,GK,31,1989,1,1,90,1.0,2,2.00,6,4,66.7,1,0,0,0,0.0,0,0,0,0,,Premier League,2020-2021
West Brom,Sam Johnstone,ENG,GK,27,1993,37,37,3330,37.0,74,2.00,234,162,71.4,4,11,22,6,16.2,11,7,1,3,12.5,Premier League,2020-2021
West Ham,Darren Randolph,IRL,GK,33,1987,3,3,270,3.0,3,1.00,9,6,66.7,2,0,1,1,33.3,0,0,0,0,,Premier League,2020-2021
West Ham,Łukasz Fabiański,POL,GK,35,1985,35,35,3150,35.0,44,1.26,138,97,70.3,17,8,10,10,28.6,5,3,1,1,25.0,Premier League,2020-2021
Wolves,John Ruddy,ENG,GK,33,1986,2,1,91,1.0,1,0.99,4,3,75.0,0,0,1,0,0.0,0,0,0,0,,Premier League,2020-2021
Wolves,Rui Patrício,POR,GK,32,1988,37,37,3329,37.0,51,1.38,148,99,70.3,12,9,16,10,27.0,8,7,1,0,12.5,Premier League,2020-2021
Arsenal,Aaron Ramsdale,ENG,GK,23,1998,34,34,3060,34.0,39,1.15,128,90,73.4,21,3,10,12,35.3,6,5,0,1,0.0,Premier League,2021-2022
Arsenal,Bernd Leno,GER,GK,29,1992,4,4,360,4.0,9,2.25,19,10,52.6,1,0,3,1,25.0,0,0,0,0,,Premier League,2021-2022
Aston Villa,Emiliano Martínez,ARG,GK,28,1992,36,36,3240,36.0,48,1.33,140,93,68.6,13,6,17,11,30.6,6,4,1,1,20.0,Premier League,2021-2022
Aston Villa,Jed Steer,ENG,GK,28,1992,1,1,90,1.0,3,3.00,4,1,25.0,0,0,1,0,0.0,0,0,0,0,,Premier League,2021-2022
Aston Villa,Robin Olsen,SWE,GK,31,1990,1,1,90,1.0,3,3.00,5,2,40.0,0,0,1,0,0.0,0,0,0,0,,Premier League,2021-2022
Brentford,David Raya,ESP,GK,25,1995,24,24,2160,24.0,27,1.13,103,76,77.7,10,5,9,8,33.3,4,4,0,0,0.0,Premier League,2021-2022
Brentford,Jonas Lössl,DEN,GK,32,1989,2,2,180,2.0,5,2.50,7,2,28.6,0,0,2,0,0.0,0,0,0,0,,Premier League,2021-2022
Brentford,Álvaro Fernández,ESP,GK,23,1998,12,12,1080,12.0,24,2.00,69,47,66.7,3,2,7,1,8.3,1,1,0,0,0.0,Premier League,2021-2022
Brighton,Jason Steele,ENG,GK,30,1990,1,1,90,1.0,2,2.00,5,3,60.0,0,0,1,0,0.0,0,0,0,0,,Premier League,2021-2022
Brighton,Robert Sánchez,ESP,GK,23,1997,37,37,3329,37.0,42,1.14,141,99,72.3,12,15,10,11,29.7,4,3,0,1,0.0,Premier League,2021-2022
Burnley,Nick Pope,ENG,GK,29,1992,36,36,3240,36.0,47,1.31,165,119,74.5,7,14,15,9,25.0,5,5,0,0,0.0,Premier League,2021-2022
Burnley,Wayne Hennessey,WAL,GK,34,1987,2,2,180,2.0,6,3.00,13,8,53.8,0,0,2,0,0.0,0,0,0,0,,Premier League,2021-2022
Chelsea,Edouard Mendy,SEN,GK,29,1992,34,34,3060,34.0,31,0.91,102,72,75.5,19,10,5,14,41.2,6,6,0,0,0.0,Premier League,2021-2022
Chelsea,Kepa Arrizabalaga,ESP,GK,26,1994,4,4,360,4.0,2,0.50,13,11,84.6,2,1,1,2,50.0,0,0,0,0,,Premier League,2021-2022
Crystal Palace,Jack Butland,ENG,GK,28,1993,9,8,765,8.5,13,1.53,28,16,53.6,2,4,2,1,12.5,1,0,1,0,100.0,Premier League,2021-2022
Crystal Palace,Vicente Guaita,ESP,GK,34,1987,30,30,2655,29.5,33,1.12,116,83,74.1,9,11,10,11,36.7,3,3,0,0,0.0,Premier League,2021-2022
Everton,Asmir Begović,BIH,GK,34,1987,3,3,270,3.0,8,2.67,18,11,61.1,1,0,2,1,33.3,1,1,0,0,0.0,Premier League,2021-2022
Everton,Jordan Pickford,ENG,GK,27,1994,35,35,3150,35.0,58,1.66,170,116,66.5,10,6,19,7,20.0,1,1,0,0,0.0,Premier League,2021-2022
Leeds United,Illan Meslier,FRA,GK,21,2000,38,38,3384,37.6,79,2.10,220,142,66.4,9,11,18,5,13.2,5,5,0,0,0.0,Premier League,2021-2022
Leeds United,Kristoffer Klaesson,NOR,GK,20,2000,1,0,36,0.4,0,0.00,4,4,100.0,0,0,0,0,,0,0,0,0,,Premier League,2021-2022
Leicester City,Danny Ward,WAL,GK,28,1993,1,1,90,1.0,1,1.00,5,4,80.0,1,0,0,0,0.0,0,0,0,0,,Premier League,2021-2022
Leicester City,Kasper Schmeichel,DEN,GK,34,1986,37,37,3330,37.0,58,1.57,187,128,72.7,13,10,14,7,18.9,9,7,2,0,22.2,Premier League,2021-2022
Liverpool,Alisson,BRA,GK,28,1992,36,36,3240,36.0,24,0.67,99,76,75.8,27,7,2,20,55.6,0,0,0,0,,Premier League,2021-2022
Liverpool,Caoimhín Kelleher,IRL,GK,22,1998,2,2,180,2.0,2,1.00,8,6,75.0,1,1,0,1,50.0,0,0,0,0,,Premier League,2021-2022
Manchester City,Ederson,BRA,GK,27,1993,37,37,3330,37.0,26,0.70,83,57,69.9,28,6,3,20,54.1,1,1,0,0,0.0,Premier League,2021-2022
Manchester City,Zack Steffen,USA,GK,26,1995,1,1,90,1.0,0,0.00,2,2,100.0,1,0,0,1,100.0,0,0,0,0,,Premier League,2021-2022
Manchester Utd,David de Gea,ESP,GK,30,1990,38,38,3420,38.0,57,1.50,180,124,70.0,16,10,12,8,21.1,5,3,2,0,40.0,Premier League,2021-2022
Newcastle Utd,Freddie Woodman,ENG,GK,24,1997,4,4,360,4.0,12,3.00,22,9,54.5,0,1,3,0,0.0,3,2,1,0,33.3,Premier League,2021-2022
Newcastle Utd,Karl Darlow,ENG,GK,30,1990,8,8,720,8.0,15,1.87,37,23,64.9,0,5,3,0,0.0,2,2,0,0,0.0,Premier League,2021-2022
Newcastle Utd,Martin Dúbravka,SVK,GK,32,1989,26,26,2340,26.0,35,1.35,106,72,67.9,13,4,9,8,30.8,1,1,0,0,0.0,Premier League,2021-2022
Norwich City,Angus Gunn,ENG,GK,25,1996,9,9,810,9.0,22,2.44,57,34,64.9,1,2,6,1,11.1,4,2,1,1,33.3,Premier League,2021-2022
Norwich City,Tim Krul,NED,GK,33,1988,29,29,2610,29.0,62,2.14,165,105,66.7,4,5,20,5,17.2,8,7,0,1,0.0,Premier League,2021-2022
Southampton,Alex McCarthy,ENG,GK,31,1989,17,17,1530,17.0,27,1.59,71,44,62.0,3,7,7,5,29.4,0,0,0,0,,Premier League,2021-2022
Southampton,Fraser Forster,ENG,GK,33,1988,19,19,1710,19.0,35,1.84,101,68,67.3,6,5,8,3,15.8,2,2,0,0,0.0,Premier League,2021-2022
Southampton,Willy Caballero,ARG,GK,39,1981,2,2,180,2.0,5,2.50,11,6,54.5,0,1,1,0,0.0,0,0,0,0,,Premier League,2021-2022
Tottenham,Hugo Lloris,FRA,GK,34,1986,38,38,3420,38.0,40,1.05,137,98,72.3,22,5,11,16,42.1,2,2,0,0,0.0,Premier League,2021-2022
Watford,Ben Foster,ENG,GK,38,1983,26,26,2340,26.0,49,1.88,116,67,60.3,5,5,16,4,15.4,4,3,1,0,25.0,Premier League,2021-2022
Watford,Daniel Bachmann,AUT,GK,27,1994,12,12,1080,12.0,28,2.33,72,46,65.3,1,0,11,0,0.0,3,3,0,0,0.0,Premier League,2021-2022
West Ham,Alphonse Areola,FRA,GK,28,1993,1,1,90,1.0,1,1.00,3,2,66.7,0,0,1,0,0.0,0,0,0,0,,Premier League,2021-2022
West Ham,Łukasz Fabiański,POL,GK,36,1985,37,37,3330,37.0,50,1.35,162,111,70.4,16,8,13,8,21.6,6,2,3,1,60.0,Premier League,2021-2022
Wolves,John Ruddy,ENG,GK,34,1986,2,1,135,1.5,3,2.00,7,4,57.1,0,1,0,0,0.0,0,0,0,0,,Premier League,2021-2022
Wolves,José Sá,POR,GK,28,1993,37,37,3285,36.5,40,1.10,160,121,80.6,15,5,17,11,29.7,10,9,0,1,0.0,Premier League,2021-2022
Augsburg,Andreas Luthe,GER,GK,30,1987,2,2,180,2.0,4,2.00,7,3,57.1,0,1,1,0,0.0,1,1,0,0,0.0,Bundesliga,2017-2018
Augsburg,Marwin Hitz,SUI,GK,29,1987,32,32,2880,32.0,42,1.31,159,116,74.2,10,10,12,9,28.1,2,1,1,0,50.0,Bundesliga,2017-2018
Bayern Munich,Manuel Neuer,GER,GK,31,1986,3,3,270,3.0,2,0.67,7,5,71.4,2,0,1,2,66.7,0,0,0,0,,Bundesliga,2017-2018
Bayern Munich,Sven Ulreich,GER,GK,28,1988,29,29,2610,29.0,26,0.90,84,58,70.2,23,3,3,12,41.4,4,1,3,0,75.0,Bundesliga,2017-2018
Bayern Munich,Tom Starke,GER,GK,36,1981,2,2,180,2.0,0,0.00,4,4,100.0,2,0,0,2,100.0,0,0,0,0,,Bundesliga,2017-2018
Dortmund,Roman Bürki,SUI,GK,26,1990,33,33,2969,33.0,43,1.30,145,102,72.4,15,9,9,12,36.4,3,3,0,0,0.0,Bundesliga,2017-2018
Dortmund,Roman Weidenfeller,GER,GK,36,1980,2,1,91,1.0,4,3.96,7,3,42.9,0,1,0,0,0.0,0,0,0,0,,Bundesliga,2017-2018
Eint Frankfurt,Lukáš Hrádecký,FIN,GK,27,1989,34,34,3060,34.0,45,1.32,133,90,67.7,14,7,13,7,20.6,3,2,0,1,0.0,Bundesliga,2017-2018
Freiburg,Alexander Schwolow,GER,GK,25,1992,33,33,2906,32.3,53,1.64,151,102,67.5,8,11,14,9,27.3,5,4,0,1,0.0,Bundesliga,2017-2018
Freiburg,Rafał Gikiewicz,POL,GK,29,1987,2,1,154,1.7,3,1.75,7,4,57.1,0,1,0,0,0.0,0,0,0,0,,Bundesliga,2017-2018
Hamburger SV,Christian Mathenia,GER,GK,25,1992,24,24,2160,24.0,38,1.58,95,58,63.2,4,6,14,6,25.0,4,3,0,1,0.0,Bundesliga,2017-2018
Hamburger SV,Julian Pollersbeck,GER,GK,22,1994,10,10,900,10.0,15,1.50,47,32,68.1,4,1,5,1,10.0,0,0,0,0,,Bundesliga,2017-2018
Hannover 96,Michael Esser,GER,GK,29,1987,3,3,270,3.0,9,3.00,20,11,55.0,1,0,2,0,0.0,1,0,0,1,,Bundesliga,2017-2018
Hannover 96,Philipp Tschauner,GER,GK,31,1985,31,31,2790,31.0,45,1.45,158,113,72.8,9,9,13,5,16.1,3,2,0,1,0.0,Bundesliga,2017-2018
Hertha BSC,Rune Jarstein,NOR,GK,32,1984,31,31,2790,31.0,44,1.42,140,97,72.1,10,10,11,7,22.6,6,5,0,1,0.0,Bundesliga,2017-2018
Hertha BSC,Thomas Kraft,GER,GK,29,1988,3,3,270,3.0,2,0.67,14,12,92.9,0,3,0,1,33.3,1,1,0,0,0.0,Bundesliga,2017-2018
Hoffenheim,Oliver Baumann,GER,GK,27,1990,34,34,3060,34.0,48,1.41,147,100,69.4,15,10,9,10,29.4,4,3,1,0,25.0,Bundesliga,2017-2018
Köln,Timo Horn,GER,GK,24,1993,34,34,3060,34.0,70,2.06,201,130,69.2,5,7,22,5,14.7,9,8,1,0,11.1,Bundesliga,2017-2018
Leverkusen,Bernd Leno,GER,GK,25,1992,33,33,2970,33.0,40,1.21,110,70,68.2,15,10,8,10,30.3,5,5,0,0,0.0,Bundesliga,2017-2018
Leverkusen,Ramazan Özcan,AUT,GK,33,1984,1,1,90,1.0,4,4.00,8,3,50.0,0,0,1,0,0.0,1,0,1,0,100.0,Bundesliga,2017-2018
M'Gladbach,Tobias Sippel,GER,GK,29,1988,5,4,435,4.8,10,2.07,23,13,56.5,1,0,3,1,25.0,0,0,0,0,,Bundesliga,2017-2018
M'Gladbach,Yann Sommer,SUI,GK,28,1988,30,30,2625,29.2,42,1.44,151,110,74.8,12,8,10,6,20.0,4,4,0,0,0.0,Bundesliga,2017-2018
Mainz 05,Florian Müller,GER,GK,19,1997,5,5,450,5.0,7,1.40,21,13,66.7,1,1,3,1,20.0,1,0,1,0,100.0,Bundesliga,2017-2018
Mainz 05,René Adler,GER,GK,32,1985,14,14,1260,14.0,18,1.29,53,35,67.9,5,3,6,4,28.6,2,1,0,1,0.0,Bundesliga,2017-2018
Mainz 05,Robin Zentner,GER,GK,22,1994,15,15,1350,15.0,27,1.80,70,44,67.1,3,5,7,2,13.3,4,4,0,0,0.0,Bundesliga,2017-2018
RB Leipzig,Péter Gulácsi,HUN,GK,27,1990,33,33,2970,33.0,52,1.58,147,95,68.0,15,8,10,6,18.2,5,5,0,0,0.0,Bundesliga,2017-2018
RB Leipzig,Yvon Mvogo,SUI,GK,23,1994,1,1,90,1.0,1,1.00,4,3,75.0,0,0,1,0,0.0,0,0,0,0,,Bundesliga,2017-2018
Schalke 04,Alexander Nübel,GER,GK,20,1996,1,0,45,0.5,0,0.00,2,2,100.0,0,0,0,1,,0,0,0,0,,Bundesliga,2017-2018
Schalke 04,Ralf Fährmann,GER,GK,28,1988,34,34,3015,33.5,37,1.10,127,89,73.2,18,9,7,12,35.3,6,3,2,1,40.0,Bundesliga,2017-2018
Stuttgart,Ron-Robert Zieler,GER,GK,28,1989,34,34,3060,34.0,36,1.06,155,117,79.4,15,6,13,12,35.3,6,4,2,0,33.3,Bundesliga,2017-2018
Werder Bremen,Jiří Pavlenka,CZE,GK,25,1992,34,34,3060,34.0,40,1.18,162,123,76.5,10,12,12,8,23.5,4,2,1,1,33.3,Bundesliga,2017-2018
Wolfsburg,Koen Casteels,BEL,GK,25,1992,34,34,3060,34.0,48,1.41,153,104,72.5,6,15,13,8,23.5,9,6,3,0,33.3,Bundesliga,2017-2018
Augsburg,Andreas Luthe,GER,GK,31,1987,15,14,1310,14.6,22,1.51,78,57,71.8,3,5,6,2,14.3,0,0,0,0,,Bundesliga,2018-2019
Augsburg,Fabian Giefer,GER,GK,28,1990,4,4,360,4.0,7,1.75,19,12,63.2,1,1,2,0,0.0,0,0,0,0,,Bundesliga,2018-2019
Augsburg,Gregor Kobel,SUI,GK,20,1997,16,16,1390,15.4,42,2.72,93,51,55.9,4,2,10,3,18.8,2,1,1,0,50.0,Bundesliga,2018-2019
Bayern Munich,Manuel Neuer,GER,GK,32,1986,26,26,2303,25.6,23,0.90,56,34,64.3,20,3,3,10,38.5,3,3,0,0,0.0,Bundesliga,2018-2019
Bayern Munich,Sven Ulreich,GER,GK,29,1988,9,8,757,8.4,9,1.07,23,14,69.6,4,3,1,2,25.0,3,2,0,1,0.0,Bundesliga,2018-2019
Dortmund,Marwin Hitz,SUI,GK,30,1987,2,2,180,2.0,4,2.00,6,2,33.3,2,0,0,0,0.0,1,0,0,1,,Bundesliga,2018-2019
Dortmund,Roman Bürki,SUI,GK,27,1990,32,32,2880,32.0,40,1.25,128,88,71.9,21,7,4,10,31.3,4,4,0,0,0.0,Bundesliga,2018-2019
Düsseldorf,Jaroslav Drobný,CZE,GK,38,1979,2,2,180,2.0,3,1.50,9,6,66.7,1,0,1,0,0.0,0,0,0,0,,Bundesliga,2018-2019
Düsseldorf,Michael Rensing,GER,GK,34,1984,32,32,2880,32.0,62,1.94,170,108,67.6,12,5,15,5,15.6,7,7,0,0,0.0,Bundesliga,2018-2019
Eint Frankfurt,Frederik Rønnow,DEN,GK,25,1992,2,1,122,1.4,0,0.00,7,7,100.0,1,0,0,1,100.0,0,0,0,0,,Bundesliga,2018-2019
Eint Frankfurt,Kevin Trapp,GER,GK,28,1990,33,33,2938,32.6,48,1.47,158,111,70.3,14,9,10,8,24.2,1,1,0,0,0.0,Bundesliga,2018-2019
Freiburg,Alexander Schwolow,GER,GK,26,1992,33,33,2970,33.0,60,1.82,170,110,68.8,7,12,14,5,15.2,7,7,0,0,0.0,Bundesliga,2018-2019
Freiburg,Mark Flekken,NED,GK,25,1993,1,1,90,1.0,1,1.00,5,4,80.0,1,0,0,0,0.0,0,0,0,0,,Bundesliga,2018-2019
Hannover 96,Michael Esser,GER,GK,30,1987,32,32,2880,32.0,66,2.06,214,148,71.5,5,6,21,5,15.6,6,5,1,0,16.7,Bundesliga,2018-2019
Hannover 96,Philipp Tschauner,GER,GK,32,1985,1,1,90,1.0,3,3.00,6,3,66.7,0,0,1,0,0.0,1,1,0,0,0.0,Bundesliga,2018-2019
Hannover 96,Samuel Şahin-Radlinger,AUT,GK,25,1992,1,1,90,1.0,2,2.00,6,4,66.7,0,0,1,0,0.0,0,0,0,0,,Bundesliga,2018-2019
Hertha BSC,Rune Jarstein,NOR,GK,33,1984,31,31,2745,30.5,48,1.57,143,96,67.8,9,10,12,8,25.8,4,2,1,1,33.3,Bundesliga,2018-2019
Hertha BSC,Thomas Kraft,GER,GK,30,1988,4,3,315,3.5,9,2.57,16,7,56.3,2,0,1,1,33.3,2,2,0,0,0.0,Bundesliga,2018-2019
Hoffenheim,Gregor Kobel,SUI,GK,20,1997,1,1,90,1.0,1,1.00,7,6,100.0,1,0,0,0,0.0,1,1,0,0,0.0,Bundesliga,2018-2019
Hoffenheim,Oliver Baumann,GER,GK,28,1990,33,33,2970,33.0,51,1.55,166,116,72.9,12,12,9,5,15.2,6,6,0,0,0.0,Bundesliga,2018-2019
Leverkusen,Lukáš Hrádecký,FIN,GK,28,1989,32,32,2880,32.0,47,1.47,127,81,65.4,18,4,10,9,28.1,4,3,1,0,25.0,Bundesliga,2018-2019
Leverkusen,Ramazan Özcan,AUT,GK,34,1984,2,2,180,2.0,5,2.50,12,7,66.7,0,0,2,0,0.0,2,1,1,0,50.0,Bundesliga,2018-2019
M'Gladbach,Yann Sommer,SUI,GK,29,1988,34,34,3060,34.0,42,1.24,156,114,75.0,16,7,11,13,38.2,3,3,0,0,0.0,Bundesliga,2018-2019
Mainz 05,Florian Müller,GER,GK,20,1997,24,24,2160,24.0,43,1.79,124,81,67.7,8,3,13,5,20.8,4,3,0,1,0.0,Bundesliga,2018-2019
Mainz 05,Robin Zentner,GER,GK,23,1994,10,10,900,10.0,14,1.40,49,35,71.4,4,4,2,2,20.0,0,0,0,0,,Bundesliga,2018-2019
Nürnberg,Christian Mathenia,GER,GK,26,1992,22,22,1933,21.5,40,1.86,118,80,67.8,1,7,14,2,9.1,2,2,0,0,0.0,Bundesliga,2018-2019
Nürnberg,Fabian Bredlow,GER,GK,23,1995,14,12,1127,12.5,28,2.24,61,32,54.1,2,3,7,2,16.7,2,0,1,1,100.0,Bundesliga,2018-2019
RB Leipzig,Péter Gulácsi,HUN,GK,28,1990,33,33,2925,32.5,27,0.83,117,91,80.3,19,9,5,15,45.5,5,4,0,1,0.0,Bundesliga,2018-2019
RB Leipzig,Yvon Mvogo,SUI,GK,24,1994,2,1,135,1.5,2,1.33,4,2,75.0,0,0,1,1,100.0,1,1,0,0,0.0,Bundesliga,2018-2019
Schalke 04,Alexander Nübel,GER,GK,21,1996,18,18,1588,17.6,29,1.64,83,53,68.7,4,6,8,4,22.2,4,3,1,0,25.0,Bundesliga,2018-2019
Schalke 04,Ralf Fährmann,GER,GK,29,1988,17,16,1469,16.3,26,1.59,83,58,71.1,4,3,9,3,18.8,2,2,0,0,0.0,Bundesliga,2018-2019
Stuttgart,Ron-Robert Zieler,GER,GK,29,1989,34,34,3060,34.0,70,2.06,179,113,62.0,7,7,20,6,17.6,3,2,0,1,0.0,Bundesliga,2018-2019
Werder Bremen,Jiří Pavlenka,CZE,GK,26,1992,34,34,2978,33.1,47,1.42,153,106,71.2,14,11,9,5,14.7,4,3,0,1,0.0,Bundesliga,2018-2019
Werder Bremen,Luca Plogmann,GER,GK,18,2000,1,0,37,0.4,1,2.43,1,0,100.0,0,0,0,0,,1,1,0,0,0.0,Bundesliga,2018-2019
Werder Bremen,Stefanos Kapino,GRE,GK,24,1994,1,0,45,0.5,1,2.00,3,2,66.7,0,0,0,0,,0,0,0,0,,Bundesliga,2018-2019
Wolfsburg,Koen Casteels,BEL,GK,26,1992,26,26,2295,25.5,39,1.53,119,79,70.6,11,6,9,8,30.8,5,4,1,0,20.0,Bundesliga,2018-2019
Wolfsburg,Pavao Pervan,AUT,GK,30,1987,10,8,765,8.5,11,1.29,40,29,72.5,5,1,2,1,12.5,1,0,0,1,,Bundesliga,2018-2019
Augsburg,Andreas Luthe,GER,GK,32,1987,10,10,900,10.0,12,1.20,33,22,63.6,3,3,4,3,30.0,0,0,0,0,,Bundesliga,2019-2020
Augsburg,Tomáš Koubek,CZE,GK,26,1992,24,24,2160,24.0,51,2.12,122,72,58.2,6,6,12,4,16.7,1,0,1,0,100.0,Bundesliga,2019-2020
Bayern Munich,Manuel Neuer,GER,GK,33,1986,33,33,2970,33.0,31,0.94,110,79,74.5,25,4,4,15,45.5,4,3,1,0,25.0,Bundesliga,2019-2020
Bayern Munich,Sven Ulreich,GER,GK,30,1988,2,2,90,1.0,1,1.00,3,2,66.7,1,0,0,0,0.0,0,0,0,0,,Bundesliga,2019-2020
Dortmund,Marwin Hitz,SUI,GK,31,1987,4,3,290,3.2,1,0.31,7,6,85.7,2,1,0,3,100.0,0,0,0,0,,Bundesliga,2019-2020
Dortmund,Roman Bürki,SUI,GK,28,1990,31,31,2770,30.8,40,1.30,95,58,61.1,19,5,7,12,38.7,3,3,0,0,0.0,Bundesliga,2019-2020
Düsseldorf,Florian Kastenmeier,GER,GK,22,1997,17,17,1530,17.0,31,1.82,78,49,62.8,2,9,6,2,11.8,3,2,1,0,33.3,Bundesliga,2019-2020
Düsseldorf,Zack Steffen,USA,GK,24,1995,17,17,1530,17.0,36,2.12,99,63,64.6,4,3,10,2,11.8,2,1,1,0,50.0,Bundesliga,2019-2020
Eint Frankfurt,Felix Wiedwald,GER,GK,29,1990,3,3,270,3.0,8,2.67,20,12,60.0,0,0,3,0,0.0,0,0,0,0,,Bundesliga,2019-2020
Eint Frankfurt,Frederik Rønnow,DEN,GK,26,1992,9,9,810,9.0,14,1.56,49,35,75.5,2,3,4,1,11.1,2,2,0,0,0.0,Bundesliga,2019-2020
Eint Frankfurt,Kevin Trapp,GER,GK,29,1990,22,22,1980,22.0,38,1.73,105,69,64.8,11,3,8,4,18.2,1,1,0,0,0.0,Bundesliga,2019-2020
Freiburg,Alexander Schwolow,GER,GK,27,1992,24,24,2091,23.2,32,1.38,118,86,75.4,9,6,9,4,16.7,3,3,0,0,0.0,Bundesliga,2019-2020
Freiburg,Mark Flekken,NED,GK,26,1993,10,10,900,10.0,14,1.40,69,55,79.7,4,3,3,3,30.0,1,0,0,1,,Bundesliga,2019-2020
Freiburg,Niclas Thiede,GER,GK,20,1999,1,0,69,0.8,1,1.30,4,3,75.0,0,0,0,0,,0,0,0,0,,Bundesliga,2019-2020
Hertha BSC,Dennis Smarsch,GER,GK,20,1999,2,1,151,1.7,4,2.38,11,7,63.6,0,0,1,0,0.0,0,0,0,0,,Bundesliga,2019-2020
Hertha BSC,Rune Jarstein,NOR,GK,34,1984,29,29,2547,28.3,46,1.63,143,99,72.7,11,5,13,9,31.0,7,7,0,0,0.0,Bundesliga,2019-2020
Hertha BSC,Thomas Kraft,GER,GK,31,1988,4,4,360,4.0,9,2.25,19,10,52.6,0,3,1,0,0.0,0,0,0,0,,Bundesliga,2019-2020
Hoffenheim,Oliver Baumann,GER,GK,29,1990,30,30,2700,30.0,49,1.63,146,97,69.9,13,7,10,7,23.3,7,5,2,0,28.6,Bundesliga,2019-2020
Hoffenheim,Philipp Pentke,GER,GK,34,1985,4,4,360,4.0,4,1.00,21,17,85.7,2,0,2,1,25.0,1,1,0,0,0.0,Bundesliga,2019-2020
Köln,Timo Horn,GER,GK,26,1993,34,34,3060,34.0,69,2.03,156,87,58.3,10,6,18,6,17.6,6,4,2,0,33.3,Bundesliga,2019-2020
Leverkusen,Lukáš Hrádecký,FIN,GK,29,1989,34,34,3060,34.0,44,1.29,143,99,70.6,19,6,9,10,29.4,2,2,0,0,0.0,Bundesliga,2019-2020
M'Gladbach,Yann Sommer,SUI,GK,30,1988,34,34,3060,34.0,40,1.18,158,117,75.3,20,5,9,7,20.6,2,1,1,0,50.0,Bundesliga,2019-2020
Mainz 05,Florian Müller,GER,GK,21,1997,13,12,1125,12.5,25,2.00,66,40,65.2,3,2,7,2,16.7,3,2,1,0,33.3,Bundesliga,2019-2020
Mainz 05,Robin Zentner,GER,GK,24,1994,22,22,1935,21.5,40,1.86,115,75,66.1,8,2,12,3,13.6,2,1,1,0,50.0,Bundesliga,2019-2020
Paderborn 07,Jannik Huth,GER,GK,25,1994,6,6,540,6.0,17,2.83,33,16,51.5,0,1,5,0,0.0,1,1,0,0,0.0,Bundesliga,2019-2020
Paderborn 07,Leopold Zingerle,GER,GK,25,1994,28,28,2520,28.0,57,2.04,152,96,64.5,4,7,17,5,17.9,4,3,1,0,25.0,Bundesliga,2019-2020
RB Leipzig,Péter Gulácsi,HUN,GK,29,1990,32,32,2880,32.0,34,1.06,116,82,72.4,16,12,4,10,31.3,2,2,0,0,0.0,Bundesliga,2019-2020
RB Leipzig,Yvon Mvogo,SUI,GK,25,1994,2,2,180,2.0,3,1.50,5,2,40.0,2,0,0,0,0.0,0,0,0,0,,Bundesliga,2019-2020
Schalke 04,Alexander Nübel,GER,GK,22,1996,26,26,2315,25.7,40,1.56,118,80,69.5,8,9,9,5,19.2,4,4,0,0,0.0,Bundesliga,2019-2020
Schalke 04,Markus Schubert,GER,GK,21,1998,9,8,742,8.2,18,2.18,55,37,70.9,1,3,4,2,25.0,2,2,0,0,0.0,Bundesliga,2019-2020
Union Berlin,Moritz Nicolas,GER,GK,21,1997,1,1,90,1.0,4,4.00,8,4,50.0,0,0,1,0,0.0,0,0,0,0,,Bundesliga,2019-2020
Union Berlin,Rafał Gikiewicz,POL,GK,31,1987,33,33,2970,33.0,54,1.64,159,105,67.9,12,5,16,8,24.2,4,3,1,0,25.0,Bundesliga,2019-2020
Werder Bremen,Jiří Pavlenka,CZE,GK,27,1992,33,33,2970,33.0,67,2.03,169,105,60.9,8,6,19,4,12.1,1,1,0,0,0.0,Bundesliga,2019-2020
Werder Bremen,Stefanos Kapino,GRE,GK,25,1994,1,1,90,1.0,2,2.00,5,3,60.0,0,1,0,0,0.0,0,0,0,0,,Bundesliga,2019-2020
Wolfsburg,Koen Casteels,BEL,GK,27,1992,26,26,2340,26.0,38,1.46,105,67,67.6,11,6,9,5,19.2,4,4,0,0,0.0,Bundesliga,2019-2020
Wolfsburg,Pavao Pervan,AUT,GK,31,1987,8,8,720,8.0,8,1.00,37,30,81.1,2,4,2,3,37.5,1,1,0,0,0.0,Bundesliga,2019-2020
Arminia,Stefan Ortega,GER,GK,27,1992,34,34,3060,34.0,52,1.53,170,118,72.4,9,8,17,11,32.4,6,5,1,0,16.7,Bundesliga,2020-2021
Augsburg,Rafał Gikiewicz,POL,GK,32,1987,34,34,3060,34.0,54,1.59,178,126,73.0,10,6,18,7,20.6,9,6,1,2,14.3,Bundesliga,2020-2021
Bayern Munich,Alexander Nübel,GER,GK,23,1996,1,1,90,1.0,2,2.00,4,2,50.0,0,1,0,0,0.0,0,0,0,0,,Bundesliga,2020-2021
Bayern Munich,Manuel Neuer,GER,GK,34,1986,33,33,2970,33.0,42,1.27,123,80,66.7,24,5,4,9,27.3,3,1,1,1,50.0,Bundesliga,2020-2021
Dortmund,Marwin Hitz,SUI,GK,32,1987,16,16,1395,15.5,16,1.03,44,29,68.2,11,2,3,7,43.8,2,2,0,0,0.0,Bundesliga,2020-2021
Dortmund,Roman Bürki,SUI,GK,29,1990,19,18,1665,18.5,30,1.62,92,62,71.7,9,2,7,4,22.2,4,4,0,0,0.0,Bundesliga,2020-2021
Eint Frankfurt,Elias Bördner,GER,GK,18,2002,1,1,90,1.0,1,1.00,6,5,83.3,1,0,0,0,0.0,0,0,0,0,,Bundesliga,2020-2021
Eint Frankfurt,Kevin Trapp,GER,GK,30,1990,33,33,2970,33.0,52,1.58,150,99,68.0,15,12,6,4,12.1,6,4,1,1,20.0,Bundesliga,2020-2021
Freiburg,Florian Müller,GER,GK,22,1997,31,31,2790,31.0,46,1.48,157,112,72.0,11,8,12,6,19.4,3,2,1,0,33.3,Bundesliga,2020-2021
Freiburg,Mark Flekken,NED,GK,27,1993,3,3,270,3.0,6,2.00,18,12,77.8,1,1,1,0,0.0,3,2,0,1,0.0,Bundesliga,2020-2021
Hertha BSC,Alexander Schwolow,GER,GK,28,1992,26,26,2340,26.0,39,1.50,108,69,69.4,6,10,10,8,30.8,6,6,0,0,0.0,Bundesliga,2020-2021
Hertha BSC,Rune Jarstein,NOR,GK,35,1984,8,8,720,8.0,13,1.62,33,20,63.6,2,1,5,1,12.5,2,1,1,0,50.0,Bundesliga,2020-2021
Hoffenheim,Oliver Baumann,GER,GK,30,1990,31,31,2790,31.0,51,1.65,132,81,65.9,10,8,13,6,19.4,9,6,2,1,25.0,Bundesliga,2020-2021
Hoffenheim,Philipp Pentke,GER,GK,35,1985,3,3,270,3.0,3,1.00,13,10,76.9,1,2,0,0,0.0,0,0,0,0,,Bundesliga,2020-2021
Köln,Ron-Robert Zieler,GER,GK,31,1989,1,0,51,0.6,1,1.76,3,2,100.0,0,0,0,0,,1,1,0,0,0.0,Bundesliga,2020-2021
Köln,Timo Horn,GER,GK,27,1993,34,34,3009,33.4,59,1.76,155,95,66.5,8,9,17,5,14.7,8,7,1,0,12.5,Bundesliga,2020-2021
Leverkusen,Lennart Grill,GER,GK,21,1999,4,4,360,4.0,7,1.75,21,14,66.7,1,0,3,1,25.0,0,0,0,0,,Bundesliga,2020-2021
Leverkusen,Lukáš Hrádecký,FIN,GK,30,1989,29,29,2565,28.5,29,1.02,83,55,66.3,13,9,7,8,27.6,2,1,1,0,50.0,Bundesliga,2020-2021
Leverkusen,Niklas Lomb,GER,GK,27,1993,2,1,135,1.5,3,2.00,8,5,62.5,0,1,0,0,0.0,0,0,0,0,,Bundesliga,2020-2021
M'Gladbach,Tobias Sippel,GER,GK,32,1988,4,3,344,3.8,6,1.57,19,13,68.4,1,1,1,1,33.3,0,0,0,0,,Bundesliga,2020-2021
M'Gladbach,Yann Sommer,SUI,GK,31,1988,31,31,2712,30.1,50,1.66,132,82,66.7,12,9,10,6,19.4,6,6,0,0,0.0,Bundesliga,2020-2021
Mainz 05,Finn Dahmen,GER,GK,22,1998,3,3,270,3.0,10,3.33,20,10,55.0,1,0,2,0,0.0,1,1,0,0,0.0,Bundesliga,2020-2021
Mainz 05,Robin Zentner,GER,GK,25,1994,31,31,2790,31.0,46,1.48,142,97,71.1,9,9,13,5,16.1,6,5,0,1,0.0,Bundesliga,2020-2021
RB Leipzig,Josep Martinez,ESP,GK,22,1998,1,1,90,1.0,2,2.00,4,2,50.0,0,0,1,0,0.0,0,0,0,0,,Bundesliga,2020-2021
RB Leipzig,Péter Gulácsi,HUN,GK,30,1990,33,33,2970,33.0,30,0.91,80,50,66.3,19,8,6,15,45.5,3,3,0,0,0.0,Bundesliga,2020-2021
Schalke 04,Frederik Rønnow,DEN,GK,27,1992,11,10,945,10.5,24,2.29,67,45,70.1,0,4,6,1,10.0,4,4,0,0,0.0,Bundesliga,2020-2021
Schalke 04,Michael Langer,AUT,GK,35,1985,3,2,239,2.7,12,4.52,24,13,50.0,0,0,2,0,0.0,0,0,0,0,,Bundesliga,2020-2021
Schalke 04,Ralf Fährmann,GER,GK,31,1988,22,22,1876,20.8,50,2.40,143,94,67.1,3,3,16,3,13.6,4,3,1,0,25.0,Bundesliga,2020-2021
Stuttgart,Fabian Bredlow,GER,GK,25,1995,1,1,90,1.0,1,1.00,9,8,88.9,1,0,0,0,0.0,0,0,0,0,,Bundesliga,2020-2021
Stuttgart,Gregor Kobel,SUI,GK,22,1997,33,33,2970,33.0,54,1.64,157,102,68.8,11,9,13,5,15.2,7,5,2,0,28.6,Bundesliga,2020-2021
Union Berlin,Andreas Luthe,GER,GK,33,1987,31,31,2768,30.8,42,1.37,132,89,71.2,11,12,8,5,16.1,5,4,1,0,20.0,Bundesliga,2020-2021
Union Berlin,Loris Karius,GER,GK,27,1993,4,3,292,3.2,1,0.31,4,4,75.0,1,2,0,2,66.7,0,0,0,0,,Bundesliga,2020-2021
Werder Bremen,Jiří Pavlenka,CZE,GK,28,1992,34,34,3060,34.0,57,1.68,157,101,66.2,7,10,17,6,17.6,6,4,2,0,33.3,Bundesliga,2020-2021
Wolfsburg,Koen Casteels,BEL,GK,28,1992,32,32,2880,32.0,33,1.03,108,74,72.2,17,9,6,14,43.8,5,3,2,0,40.0,Bundesliga,2020-2021
Wolfsburg,Pavao Pervan,AUT,GK,32,1987,2,2,180,2.0,4,2.00,14,10,71.4,0,1,1,0,0.0,0,0,0,0,,Bundesliga,2020-2021
Arminia,Stefan Ortega,GER,GK,28,1992,33,33,2970,33.0,53,1.61,176,125,73.9,4,13,16,6,18.2,7,7,0,0,0.0,Bundesliga,2021-2022
Arminia,Stefanos Kapino,GRE,GK,27,1994,1,1,90,1.0,0,0.00,4,4,100.0,1,0,0,1,100.0,0,0,0,0,,Bundesliga,2021-2022
Augsburg,Rafał Gikiewicz,POL,GK,33,1987,34,34,3060,34.0,56,1.65,156,102,67.3,10,8,16,9,26.5,5,5,0,0,0.0,Bundesliga,2021-2022
Bayern Munich,Christian Früchtl,GER,GK,21,2000,1,0,10,0.1,0,0.00,0,0,,0,0,0,0,,0,0,0,0,,Bundesliga,2021-2022
Bayern Munich,Manuel Neuer,GER,GK,35,1986,28,28,2510,27.9,26,0.93,89,63,71.9,22,4,2,10,35.7,1,1,0,0,0.0,Bundesliga,2021-2022
Bayern Munich,Sven Ulreich,GER,GK,32,1988,6,6,540,6.0,11,1.83,23,13,56.5,2,1,3,1,16.7,1,1,0,0,0.0,Bundesliga,2021-2022
Bochum,Manuel Riemann,GER,GK,32,1988,31,31,2790,31.0,45,1.45,155,112,72.9,10,6,15,7,22.6,6,3,2,1,40.0,Bundesliga,2021-2022
Bochum,Michael Esser,GER,GK,33,1987,3,3,270,3.0,7,2.33,21,14,76.2,2,0,1,0,0.0,2,2,0,0,0.0,Bundesliga,2021-2022
Dortmund,Gregor Kobel,SUI,GK,23,1997,29,29,2565,28.5,39,1.37,110,73,67.3,20,3,6,7,24.1,3,3,0,0,0.0,Bundesliga,2021-2022
Dortmund,Marwin Hitz,SUI,GK,33,1987,5,4,405,4.5,12,2.67,25,13,60.0,1,0,3,0,0.0,2,2,0,0,0.0,Bundesliga,2021-2022
Dortmund,Roman Bürki,SUI,GK,30,1990,1,1,90,1.0,1,1.00,1,0,100.0,1,0,0,0,0.0,1,1,0,0,0.0,Bundesliga,2021-2022
Eint Frankfurt,Diant Ramaj,GER,GK,19,2001,1,1,90,1.0,1,1.00,4,3,75.0,0,1,0,0,0.0,0,0,0,0,,Bundesliga,2021-2022
Eint Frankfurt,Jens Grahl,GER,GK,32,1988,1,1,90,1.0,2,2.00,4,2,50.0,0,0,1,0,0.0,0,0,0,0,,Bundesliga,2021-2022
Eint Frankfurt,Kevin Trapp,GER,GK,31,1990,32,32,2880,32.0,46,1.44,157,112,73.2,10,11,11,5,15.6,4,4,0,0,0.0,Bundesliga,2021-2022
Freiburg,Benjamin Uphoff,GER,GK,27,1993,2,2,180,2.0,7,3.50,12,5,41.7,0,1,1,0,0.0,0,0,0,0,,Bundesliga,2021-2022
Freiburg,Mark Flekken,NED,GK,28,1993,32,32,2880,32.0,39,1.22,141,103,73.8,15,9,8,10,31.3,2,2,0,0,0.0,Bundesliga,2021-2022
Greuther Fürth,Andreas Linde,SWE,GK,28,1993,12,12,1080,12.0,24,2.00,62,39,62.9,1,5,6,3,25.0,1,1,0,0,0.0,Bundesliga,2021-2022
Greuther Fürth,Marius Funk,GER,GK,25,1996,8,8,720,8.0,30,3.75,54,26,48.1,0,0,8,0,0.0,2,2,0,0,0.0,Bundesliga,2021-2022
Greuther Fürth,Sascha Burchert,GER,GK,31,1989,14,14,1260,14.0,28,2.00,72,46,65.3,2,4,8,3,21.4,3,3,0,0,0.0,Bundesliga,2021-2022
Hertha BSC,Alexander Schwolow,GER,GK,29,1992,25,25,2175,24.2,51,2.11,123,72,62.6,7,5,13,4,16.0,5,5,0,0,0.0,Bundesliga,2021-2022
Hertha BSC,Marcel Lotka,POL,GK,20,2001,10,9,885,9.8,20,2.03,49,29,65.3,2,1,6,2,22.2,3,3,0,0,0.0,Bundesliga,2021-2022
Hoffenheim,Oliver Baumann,GER,GK,31,1990,33,33,2970,33.0,57,1.73,155,98,64.5,12,7,14,8,24.2,4,2,1,1,33.3,Bundesliga,2021-2022
Hoffenheim,Philipp Pentke,GER,GK,36,1985,1,1,90,1.0,3,3.00,7,4,57.1,1,0,0,0,0.0,0,0,0,0,,Bundesliga,2021-2022
Köln,Marvin Schwäbe,GER,GK,26,1995,21,21,1890,21.0,28,1.33,98,70,71.4,10,4,7,3,14.3,1,0,1,0,100.0,Bundesliga,2021-2022
Köln,Timo Horn,GER,GK,28,1993,13,13,1170,13.0,21,1.62,56,36,62.5,4,6,3,1,7.7,0,0,0,0,,Bundesliga,2021-2022
Leverkusen,Andrey Lunyov,RUS,GK,29,1991,1,1,90,1.0,1,1.00,2,1,50.0,1,0,0,0,0.0,0,0,0,0,,Bundesliga,2021-2022
Leverkusen,Lennart Grill,GER,GK,22,1999,1,1,90,1.0,2,2.00,6,5,66.7,1,0,0,0,0.0,0,0,0,0,,Bundesliga,2021-2022
Leverkusen,Lukáš Hrádecký,FIN,GK,31,1989,32,32,2880,32.0,44,1.37,154,109,72.7,17,7,8,8,25.0,4,2,1,1,33.3,Bundesliga,2021-2022
M'Gladbach,Tobias Sippel,GER,GK,33,1988,1,1,90,1.0,1,1.00,3,2,66.7,0,1,0,0,0.0,0,0,0,0,,Bundesliga,2021-2022
M'Gladbach,Yann Sommer,SUI,GK,32,1988,33,33,2970,33.0,60,1.82,182,120,68.7,12,8,13,5,15.2,5,3,2,0,40.0,Bundesliga,2021-2022
Mainz 05,Finn Dahmen,GER,GK,23,1998,2,2,180,2.0,3,1.50,5,2,60.0,1,1,0,0,0.0,1,1,0,0,0.0,Bundesliga,2021-2022
Mainz 05,Robin Zentner,GER,GK,26,1994,32,32,2880,32.0,42,1.31,120,78,68.3,12,6,14,10,31.3,5,4,1,0,20.0,Bundesliga,2021-2022
RB Leipzig,Josep Martinez,ESP,GK,23,1998,1,1,90,1.0,3,3.00,4,1,25.0,0,0,1,0,0.0,0,0,0,0,,Bundesliga,2021-2022
RB Leipzig,Philipp Tschauner,GER,GK,35,1985,1,0,3,0.0,0,0.00,0,0,,0,0,0,1,,0,0,0,0,,Bundesliga,2021-2022
RB Leipzig,Péter Gulácsi,HUN,GK,31,1990,33,33,2967,33.0,34,1.03,111,78,72.1,17,7,9,9,27.3,3,3,0,0,0.0,Bundesliga,2021-2022
Stuttgart,Fabian Bredlow,GER,GK,26,1995,4,4,360,4.0,7,1.75,24,17,70.8,0,2,2,0,0.0,0,0,0,0,,Bundesliga,2021-2022
Stuttgart,Florian Müller,GER,GK,23,1997,30,30,2700,30.0,52,1.73,139,88,65.5,7,10,13,4,13.3,4,4,0,0,0.0,Bundesliga,2021-2022
Union Berlin,Andreas Luthe,GER,GK,34,1987,27,27,2430,27.0,39,1.44,104,68,64.4,11,7,9,6,22.2,2,2,0,0,0.0,Bundesliga,2021-2022
Union Berlin,Frederik Rønnow,DEN,GK,28,1992,7,7,630,7.0,5,0.71,18,14,72.2,5,2,0,2,28.6,0,0,0,0,,Bundesliga,2021-2022
Wolfsburg,Koen Casteels,BEL,GK,29,1992,28,28,2520,28.0,40,1.43,118,76,68.6,11,6,11,10,35.7,6,3,2,1,40.0,Bundesliga,2021-2022
Wolfsburg,Pavao Pervan,AUT,GK,33,1987,6,6,540,6.0,14,2.33,38,25,65.8,1,0,5,1,16.7,1,1,0,0,0.0,Bundesliga,2021-2022
Atalanta,Etrit Berisha,ALB,GK,28,1989,31,31,2790,31.0,34,1.10,99,64,66.7,13,10,8,8,25.8,2,1,1,0,50.0,Serie A,2017-2018
Atalanta,Francesco Rossi,ITA,GK,26,1991,1,0,8,0.1,1,11.25,2,1,50.0,0,0,0,0,,0,0,0,0,,Serie A,2017-2018
Atalanta,Pierluigi Gollini,ITA,GK,22,1995,7,7,622,6.9,4,0.58,17,13,76.5,3,2,2,3,42.9,0,0,0,0,,Serie A,2017-2018
Benevento,Alberto Brignoli,ITA,GK,25,1991,13,11,1126,12.5,31,2.48,70,39,58.6,1,2,8,1,9.1,4,2,0,2,0.0,Serie A,2017-2018
Benevento,Christian Puggioni,ITA,GK,36,1981,14,14,1179,13.1,26,1.98,65,39,67.7,3,1,10,2,14.3,6,5,0,1,0.0,Serie A,2017-2018
Benevento,Vid Belec,SVN,GK,27,1990,13,13,1113,12.4,27,2.18,74,49,67.6,2,0,11,1,7.7,3,3,0,0,0.0,Serie A,2017-2018
Bologna,Angelo da Costa Júnior,BRA,GK,33,1983,4,4,360,4.0,5,1.25,17,12,76.5,1,0,3,1,25.0,1,1,0,0,0.0,Serie A,2017-2018
Bologna,Antonio Mirante,ITA,GK,34,1983,33,33,2970,33.0,46,1.39,144,101,69.4,10,5,18,7,21.2,3,2,0,1,0.0,Serie A,2017-2018
Bologna,Antonio Santurro,DOM,GK,25,1992,1,1,90,1.0,1,1.00,5,4,80.0,0,1,0,0,0.0,0,0,0,0,,Serie A,2017-2018
Cagliari,Alessio Cragno,ITA,GK,23,1994,29,29,2536,28.2,47,1.67,130,82,68.5,7,5,17,7,24.1,10,6,2,2,25.0,Serie A,2017-2018
Cagliari,Luca Crosta,ITA,GK,19,1998,1,1,90,1.0,3,3.00,3,0,33.3,0,0,1,0,0.0,1,1,0,0,0.0,Serie A,2017-2018
Cagliari,Rafael,BRA,GK,35,1982,10,8,794,8.8,11,1.25,39,28,74.4,4,1,3,1,12.5,1,1,0,0,0.0,Serie A,2017-2018
Chievo,Stefano Sorrentino,ITA,GK,38,1979,38,38,3420,38.0,59,1.55,187,129,70.6,10,10,18,7,18.4,7,4,3,0,42.9,Serie A,2017-2018
Crotone,Alex Cordaz,ITA,GK,34,1983,38,38,3420,38.0,66,1.74,200,133,70.0,9,8,21,5,13.2,8,6,1,1,14.3,Serie A,2017-2018
Fiorentina,Bartłomiej Drągowski,POL,GK,19,1997,3,1,217,2.4,8,3.32,17,9,52.9,0,0,1,0,0.0,0,0,0,0,,Serie A,2017-2018
Fiorentina,Marco Sportiello,ITA,GK,25,1992,37,37,3202,35.6,38,1.07,131,92,72.5,16,9,12,14,37.8,3,2,1,0,33.3,Serie A,2017-2018
Genoa,Eugenio Lamanna,ITA,GK,27,1989,1,1,90,1.0,1,1.00,3,2,66.7,0,0,1,0,0.0,0,0,0,0,,Serie A,2017-2018
Genoa,Mattia Perin,ITA,GK,24,1992,37,37,3330,37.0,42,1.14,167,127,77.2,11,8,18,12,32.4,4,4,0,0,0.0,Serie A,2017-2018
Hellas Verona,Marco Silvestri,ITA,GK,26,1991,2,2,180,2.0,7,3.50,25,18,72.0,0,0,2,0,0.0,0,0,0,0,,Serie A,2017-2018
Hellas Verona,Nícolas Andrade,BRA,GK,29,1988,36,36,3240,36.0,71,1.97,233,162,72.1,7,4,25,7,19.4,8,6,2,0,25.0,Serie A,2017-2018
Inter,Samir Handanović,SVN,GK,33,1984,38,38,3420,38.0,30,0.79,117,91,76.1,20,12,6,17,44.7,2,2,0,0,0.0,Serie A,2017-2018
Juventus,Carlo Pinsoglio,ITA,GK,27,1990,1,0,28,0.3,1,3.21,2,1,50.0,0,0,0,0,,0,0,0,0,,Serie A,2017-2018
Juventus,Gianluigi Buffon,ITA,GK,39,1978,21,21,1862,20.7,14,0.68,56,43,80.4,17,2,2,11,52.4,4,3,1,0,25.0,Serie A,2017-2018
Juventus,Wojciech Szczęsny,POL,GK,27,1990,17,17,1530,17.0,9,0.53,33,24,72.7,13,3,1,11,64.7,0,0,0,0,,Serie A,2017-2018
Lazio,Thomas Strakosha,ALB,GK,22,1995,38,38,3420,38.0,49,1.29,159,111,74.8,21,9,8,11,28.9,10,9,1,0,10.0,Serie A,2017-2018
Milan,Gianluigi Donnarumma,ITA,GK,18,1999,38,38,3420,38.0,42,1.11,132,91,69.7,18,10,10,12,31.6,3,2,0,1,0.0,Serie A,2017-2018
Napoli,Luigi Sepe,ITA,GK,26,1991,1,1,90,1.0,0,0.00,1,1,100.0,0,1,0,1,100.0,0,0,0,0,,Serie A,2017-2018
Napoli,Pepe Reina,ESP,GK,34,1982,37,37,3330,37.0,29,0.78,97,68,72.2,28,6,3,18,48.6,2,2,0,0,0.0,Serie A,2017-2018
Roma,Alisson,BRA,GK,24,1992,37,37,3330,37.0,28,0.76,135,105,81.5,22,8,7,17,45.9,5,3,2,0,40.0,Serie A,2017-2018
Roma,Łukasz Skorupski,POL,GK,26,1991,1,1,90,1.0,0,0.00,3,3,100.0,1,0,0,1,100.0,0,0,0,0,,Serie A,2017-2018
SPAL,Alex Meret,ITA,GK,20,1997,13,13,1158,12.9,16,1.24,60,44,78.3,2,7,4,4,30.8,5,3,2,0,40.0,Serie A,2017-2018
SPAL,Alfred Gomis,SEN,GK,23,1993,26,25,2261,25.1,43,1.71,140,98,73.6,6,7,12,3,12.0,7,6,1,0,14.3,Serie A,2017-2018
SPAL,Gabriele Marchegiani,ITA,GK,21,1996,1,0,1,0.0,0,0.00,0,0,,0,0,0,0,,0,0,0,0,,Serie A,2017-2018
Sampdoria,Christian Puggioni,ITA,GK,36,1981,9,9,810,9.0,12,1.33,53,41,83.0,5,2,2,3,33.3,3,3,0,0,0.0,Serie A,2017-2018
Sampdoria,Emiliano Viviano,ITA,GK,31,1985,27,27,2430,27.0,43,1.59,132,87,68.9,11,4,12,6,22.2,6,2,4,0,66.7,Serie A,2017-2018
Sampdoria,Vid Belec,SVN,GK,27,1990,2,2,180,2.0,5,2.50,15,10,73.3,0,0,2,0,0.0,1,1,0,0,0.0,Serie A,2017-2018
Sassuolo,Andrea Consigli,ITA,GK,30,1987,37,37,3316,36.8,58,1.57,172,114,67.4,11,10,16,10,27.0,3,2,1,0,33.3,Serie A,2017-2018
Sassuolo,Gianluca Pegolo,ITA,GK,36,1981,2,1,104,1.2,1,0.87,6,6,83.3,0,0,1,0,0.0,0,0,0,0,,Serie A,2017-2018
Torino,Salvatore Sirigu,ITA,GK,30,1987,37,37,3330,37.0,45,1.22,158,110,74.7,12,15,10,10,27.0,8,5,3,0,37.5,Serie A,2017-2018
Torino,Vanja Milinković-Savić,SRB,GK,20,1997,1,1,90,1.0,1,1.00,2,1,50.0,1,0,0,0,0.0,0,0,0,0,,Serie A,2017-2018
Udinese,Albano Bizzarri,ARG,GK,39,1977,32,32,2880,32.0,52,1.62,143,92,65.0,11,4,17,8,25.0,5,2,2,1,50.0,Serie A,2017-2018
Udinese,Simone Scuffet,ITA,GK,21,1996,6,6,540,6.0,11,1.83,27,16,59.3,1,0,5,1,16.7,1,0,1,0,100.0,Serie A,2017-2018
Atalanta,Etrit Berisha,ALB,GK,29,1989,18,18,1620,18.0,25,1.39,63,41,61.9,9,3,6,5,27.8,2,1,0,1,0.0,Serie A,2018-2019
Atalanta,Francesco Rossi,ITA,GK,27,1991,1,0,,0.0,0,,0,0,,0,0,0,0,,0,0,0,0,,Serie A,2018-2019
Atalanta,Pierluigi Gollini,ITA,GK,23,1995,20,20,1800,20.0,21,1.05,70,49,74.3,11,6,3,4,20.0,3,3,0,0,0.0,Serie A,2018-2019
Bologna,Łukasz Skorupski,POL,GK,27,1991,38,38,3420,38.0,56,1.47,173,118,69.9,11,11,16,10,26.3,4,4,0,0,0.0,Serie A,2018-2019
Cagliari,Alessio Cragno,ITA,GK,24,1994,38,38,3420,38.0,54,1.42,205,151,77.6,10,11,17,7,18.4,10,8,2,0,20.0,Serie A,2018-2019
Chievo,Adrian Šemper,CRO,GK,20,1998,6,6,540,6.0,8,1.33,32,24,75.0,1,3,2,2,33.3,0,0,0,0,,Serie A,2018-2019
Chievo,Andrea Seculin,ITA,GK,28,1990,2,1,90,1.0,7,7.00,12,5,41.7,0,0,1,0,0.0,0,0,0,0,,Serie A,2018-2019
Chievo,Stefano Sorrentino,ITA,GK,39,1979,31,31,2790,31.0,60,1.94,167,107,65.3,1,11,19,5,16.1,4,2,2,0,50.0,Serie A,2018-2019
Empoli,Bartłomiej Drągowski,POL,GK,20,1997,14,14,1260,14.0,24,1.71,96,71,78.1,5,2,7,3,21.4,4,3,1,0,25.0,Serie A,2018-2019
Empoli,Ivan Provedel,ITA,GK,24,1994,16,16,1440,16.0,36,2.25,104,69,68.3,4,4,8,0,0.0,4,3,0,1,0.0,Serie A,2018-2019
Empoli,Pietro Terracciano,ITA,GK,28,1990,8,8,720,8.0,10,1.25,35,26,71.4,1,2,5,2,25.0,0,0,0,0,,Serie A,2018-2019
Fiorentina,Alban Lafont,FRA,GK,19,1999,34,34,3015,33.5,40,1.19,128,90,72.7,8,15,11,8,23.5,6,5,1,0,16.7,Serie A,2018-2019
Fiorentina,Bartłomiej Drągowski,POL,GK,20,1997,3,2,225,2.5,2,0.80,8,6,75.0,0,1,1,1,50.0,0,0,0,0,,Serie A,2018-2019
Fiorentina,Pietro Terracciano,ITA,GK,28,1990,2,2,180,2.0,3,1.50,11,8,72.7,0,1,1,0,0.0,0,0,0,0,,Serie A,2018-2019
Frosinone,Francesco Bardi,ITA,GK,26,1992,3,3,270,3.0,5,1.67,12,7,58.3,0,1,2,1,33.3,0,0,0,0,,Serie A,2018-2019
Frosinone,Marco Sportiello,ITA,GK,26,1992,35,35,3150,35.0,64,1.83,201,138,70.6,5,9,21,8,22.9,5,5,0,0,0.0,Serie A,2018-2019
Genoa,Federico Marchetti,ITA,GK,35,1983,4,4,360,4.0,10,2.50,18,9,44.4,2,0,2,1,25.0,0,0,0,0,,Serie A,2018-2019
Genoa,Ionuț Radu,ROU,GK,21,1997,33,33,2970,33.0,46,1.39,149,102,72.5,6,14,13,6,18.2,6,5,1,0,16.7,Serie A,2018-2019
Genoa,Jandrei,BRA,GK,25,1993,1,1,90,1.0,1,1.00,3,2,66.7,0,0,1,0,0.0,0,0,0,0,,Serie A,2018-2019
Inter,Samir Handanović,SVN,GK,34,1984,38,38,3420,38.0,33,0.87,127,97,76.4,20,9,9,17,44.7,5,3,0,2,0.0,Serie A,2018-2019
Juventus,Carlo Pinsoglio,ITA,GK,28,1990,1,1,90,1.0,2,2.00,3,1,33.3,0,0,1,0,0.0,0,0,0,0,,Serie A,2018-2019
Juventus,Mattia Perin,ITA,GK,25,1992,9,9,810,9.0,8,0.89,27,19,74.1,6,1,2,5,55.6,1,1,0,0,0.0,Serie A,2018-2019
Juventus,Wojciech Szczęsny,POL,GK,28,1990,28,28,2520,28.0,20,0.71,81,61,76.5,22,5,1,11,39.3,3,1,1,1,50.0,Serie A,2018-2019
Lazio,Guido Guerrieri,ITA,GK,22,1996,1,1,90,1.0,3,3.00,4,1,25.0,0,1,0,0,0.0,0,0,0,0,,Serie A,2018-2019
Lazio,Silvio Proto,BEL,GK,35,1983,2,2,180,2.0,4,2.00,13,9,69.2,1,0,1,0,0.0,0,0,0,0,,Serie A,2018-2019
Lazio,Thomas Strakosha,ALB,GK,23,1995,35,35,3150,35.0,39,1.11,132,95,74.2,16,7,12,10,28.6,6,5,1,0,16.7,Serie A,2018-2019
Milan,Gianluigi Donnarumma,ITA,GK,19,1999,36,36,3092,34.3,31,0.90,126,95,77.8,18,11,7,11,30.6,4,3,1,0,25.0,Serie A,2018-2019
Milan,Pepe Reina,ESP,GK,35,1982,4,2,328,3.7,5,1.37,14,9,71.4,1,0,1,1,50.0,1,1,0,0,0.0,Serie A,2018-2019
Napoli,Alex Meret,ITA,GK,21,1997,14,13,1150,12.8,9,0.70,48,39,85.4,9,1,3,5,38.5,2,2,0,0,0.0,Serie A,2018-2019
Napoli,David Ospina,COL,GK,29,1988,17,16,1457,16.2,20,1.24,62,42,69.4,9,4,3,5,31.3,1,1,0,0,0.0,Serie A,2018-2019
Napoli,Orestis Karnezis,GRE,GK,33,1985,9,9,810,9.0,7,0.78,27,20,77.8,6,2,1,4,44.4,1,1,0,0,0.0,Serie A,2018-2019
Parma,Luigi Sepe,ITA,GK,27,1991,37,37,3330,37.0,59,1.59,197,142,74.1,10,11,16,10,27.0,8,8,0,0,0.0,Serie A,2018-2019
Parma,Pierluigi Frattali,ITA,GK,32,1985,1,1,90,1.0,2,2.00,8,7,75.0,0,0,1,0,0.0,0,0,0,0,,Serie A,2018-2019
Roma,Antonio Mirante,ITA,GK,35,1983,11,11,990,11.0,6,0.55,38,31,84.2,6,4,1,6,54.5,1,0,1,0,100.0,Serie A,2018-2019
Roma,Robin Olsen,SWE,GK,28,1990,27,27,2430,27.0,42,1.56,126,85,69.8,12,8,7,4,14.8,6,4,0,2,0.0,Serie A,2018-2019
SPAL,Alfred Gomis,SEN,GK,24,1993,20,19,1723,19.2,27,1.41,76,49,65.8,3,6,10,6,31.6,1,1,0,0,0.0,Serie A,2018-2019
SPAL,Emiliano Viviano,ITA,GK,32,1985,17,17,1525,16.9,25,1.48,84,59,75.0,7,3,7,3,17.6,4,4,0,0,0.0,Serie A,2018-2019
SPAL,Giacomo Poluzzi,ITA,GK,30,1988,1,0,5,0.1,0,0.00,0,0,,0,0,0,1,,0,0,0,0,,Serie A,2018-2019
SPAL,Vanja Milinković-Savić,SRB,GK,21,1997,2,2,164,1.8,4,2.20,16,12,75.0,1,0,1,0,0.0,0,0,0,0,,Serie A,2018-2019
Sampdoria,Emil Audero,ITA,GK,21,1997,36,36,3240,36.0,51,1.42,147,96,70.1,14,7,15,11,30.6,8,7,1,0,12.5,Serie A,2018-2019
Sampdoria,Rafael Cabral,BRA,GK,28,1990,2,2,180,2.0,0,0.00,2,2,100.0,1,1,0,2,100.0,0,0,0,0,,Serie A,2018-2019
Sassuolo,Andrea Consigli,ITA,GK,31,1987,36,36,3213,35.7,56,1.57,155,98,66.5,9,15,12,12,33.3,8,4,3,1,42.9,Serie A,2018-2019
Sassuolo,Gianluca Pegolo,ITA,GK,37,1981,3,2,202,2.3,4,1.78,12,8,66.7,0,1,1,0,0.0,0,0,0,0,,Serie A,2018-2019
Torino,Salvador Ichazo,URU,GK,26,1992,3,2,250,2.8,2,0.72,9,7,88.9,1,1,0,1,50.0,1,1,0,0,0.0,Serie A,2018-2019
Torino,Salvatore Sirigu,ITA,GK,31,1987,36,36,3170,35.2,35,0.99,136,99,75.7,15,14,7,14,38.9,4,2,2,0,50.0,Serie A,2018-2019
Udinese,Juan Musso,ARG,GK,24,1994,29,29,2610,29.0,40,1.38,144,105,77.8,9,8,12,7,24.1,8,8,0,0,0.0,Serie A,2018-2019
Udinese,Simone Scuffet,ITA,GK,22,1996,9,9,810,9.0,13,1.44,38,25,68.4,2,2,5,2,22.2,1,1,0,0,0.0,Serie A,2018-2019
Atalanta,Francesco Rossi,ITA,GK,28,1991,1,0,11,0.1,1,8.18,1,0,0.0,0,0,0,0,,0,0,0,0,,Serie A,2019-2020
Atalanta,Marco Sportiello,ITA,GK,27,1992,6,5,525,5.8,5,0.86,18,13,72.2,4,0,1,2,40.0,0,0,0,0,,Serie A,2019-2020
Atalanta,Pierluigi Gollini,ITA,GK,24,1995,33,33,2884,32.0,42,1.31,120,81,70.0,19,9,5,8,24.2,6,6,0,0,0.0,Serie A,2019-2020
Bologna,Angelo da Costa Júnior,BRA,GK,35,1983,1,1,90,1.0,1,1.00,2,1,50.0,0,1,0,0,0.0,0,0,0,0,,Serie A,2019-2020
Bologna,Łukasz Skorupski,POL,GK,28,1991,37,37,3330,37.0,64,1.73,187,123,69.0,12,10,15,2,5.4,8,6,1,1,14.3,Serie A,2019-2020
Brescia,Enrico Alfonso,ITA,GK,31,1988,4,4,279,3.1,4,1.29,11,7,63.6,1,0,3,1,25.0,0,0,0,0,,Serie A,2019-2020
Brescia,Jesse Joronen,FIN,GK,26,1993,29,29,2610,29.0,59,2.03,181,124,72.4,5,6,18,5,17.2,10,9,1,0,10.0,Serie A,2019-2020
Brescia,Lorenzo Andrenacci,ITA,GK,24,1995,6,5,531,5.9,16,2.71,44,28,63.6,0,1,4,0,0.0,1,0,0,1,,Serie A,2019-2020
Cagliari,Alessio Cragno,ITA,GK,25,1994,16,16,1440,16.0,21,1.31,89,68,77.5,2,6,8,3,18.8,2,1,1,0,50.0,Serie A,2019-2020
Cagliari,Rafael,BRA,GK,37,1982,6,5,454,5.0,11,2.18,17,6,47.1,1,1,3,0,0.0,3,2,0,1,0.0,Serie A,2019-2020
Cagliari,Robin Olsen,SWE,GK,29,1990,17,17,1524,16.9,24,1.42,89,67,77.5,8,5,4,4,23.5,4,4,0,0,0.0,Serie A,2019-2020
Fiorentina,Bartłomiej Drągowski,POL,GK,21,1997,31,31,2790,31.0,43,1.39,139,94,73.4,7,12,12,8,25.8,8,6,2,0,25.0,Serie A,2019-2020
Fiorentina,Federico Brancolini,ITA,GK,18,2001,1,0,6,0.1,0,0.00,0,0,,0,0,0,1,,0,0,0,0,,Serie A,2019-2020
Fiorentina,Pietro Terracciano,ITA,GK,29,1990,7,7,624,6.9,5,0.72,23,18,91.3,5,1,1,2,28.6,3,3,0,0,0.0,Serie A,2019-2020
Genoa,Ionuț Radu,ROU,GK,22,1997,17,17,1530,17.0,35,2.06,98,64,70.4,2,5,10,2,11.8,7,6,0,1,0.0,Serie A,2019-2020
Genoa,Mattia Perin,ITA,GK,26,1992,21,21,1890,21.0,38,1.81,103,66,64.1,8,4,9,5,23.8,2,1,0,1,0.0,Serie A,2019-2020
Hellas Verona,Boris Radunović,SRB,GK,23,1996,3,3,270,3.0,8,2.67,15,7,60.0,1,0,2,1,33.3,2,2,0,0,0.0,Serie A,2019-2020
Hellas Verona,Marco Silvestri,ITA,GK,28,1991,35,35,3150,35.0,43,1.23,159,117,77.4,11,13,11,9,25.7,7,7,0,0,0.0,Serie A,2019-2020
Inter,Daniele Padelli,ITA,GK,33,1985,4,4,270,3.0,4,1.33,8,4,62.5,2,0,1,1,25.0,1,1,0,0,0.0,Serie A,2019-2020
Inter,Samir Handanović,SVN,GK,35,1984,35,35,3150,35.0,32,0.91,110,78,72.7,22,10,3,13,37.1,3,2,1,0,33.3,Serie A,2019-2020
Juventus,Carlo Pinsoglio,ITA,GK,29,1990,1,0,19,0.2,0,0.00,0,0,,0,0,0,0,,0,0,0,0,,Serie A,2019-2020
Juventus,Gianluigi Buffon,ITA,GK,41,1978,9,9,810,9.0,10,1.11,33,23,72.7,7,1,1,1,11.1,2,1,0,1,0.0,Serie A,2019-2020
Juventus,Wojciech Szczęsny,POL,GK,29,1990,29,29,2591,28.8,33,1.15,129,95,80.6,19,4,6,11,37.9,10,8,1,1,11.1,Serie A,2019-2020
Lazio,Thomas Strakosha,ALB,GK,24,1995,38,38,3420,38.0,42,1.11,154,112,77.3,24,6,8,11,28.9,9,7,1,1,12.5,Serie A,2019-2020
Lecce,Gabriel,BRA,GK,26,1992,34,34,2997,33.3,76,2.28,227,152,70.9,6,8,20,2,5.9,12,10,2,0,16.7,Serie A,2019-2020
Lecce,Mauro Vigorito,ITA,GK,29,1990,5,4,423,4.7,9,1.91,29,20,72.4,3,0,1,1,25.0,1,1,0,0,0.0,Serie A,2019-2020
Milan,Asmir Begović,BIH,GK,32,1987,2,1,129,1.4,3,2.09,7,4,71.4,0,0,1,0,0.0,1,1,0,0,0.0,Serie A,2019-2020
Milan,Gianluigi Donnarumma,ITA,GK,20,1999,36,36,3201,35.6,42,1.18,141,96,73.0,18,9,9,12,33.3,8,4,4,0,50.0,Serie A,2019-2020
Milan,Pepe Reina,ESP,GK,36,1982,2,2,90,1.0,1,1.00,6,4,83.3,1,0,0,0,0.0,1,0,1,0,100.0,Serie A,2019-2020
Napoli,Alex Meret,ITA,GK,22,1997,22,21,1951,21.7,33,1.52,84,51,66.7,9,5,7,3,14.3,6,5,1,0,16.7,Serie A,2019-2020
Napoli,David Ospina,COL,GK,30,1988,17,17,1469,16.3,17,1.04,54,37,72.2,9,3,5,4,23.5,2,2,0,0,0.0,Serie A,2019-2020
Parma,Luigi Sepe,ITA,GK,28,1991,34,34,3060,34.0,53,1.56,193,137,75.6,13,6,15,5,14.7,9,6,3,0,33.3,Serie A,2019-2020
Parma,Simone Colombi,ITA,GK,28,1991,4,4,360,4.0,4,1.00,19,15,84.2,1,1,2,1,25.0,2,1,0,1,0.0,Serie A,2019-2020
Roma,Antonio Mirante,ITA,GK,36,1983,5,5,450,5.0,5,1.00,24,19,83.3,2,1,2,2,40.0,1,1,0,0,0.0,Serie A,2019-2020
Roma,Daniel Fuzato,BRA,GK,22,1997,1,1,90,1.0,1,1.00,2,1,50.0,1,0,0,0,0.0,0,0,0,0,,Serie A,2019-2020
Roma,Pau López,ESP,GK,24,1994,32,32,2880,32.0,45,1.41,132,86,72.0,18,6,8,5,15.6,9,8,1,0,11.1,Serie A,2019-2020
SPAL,Demba Thiam,SEN,GK,21,1998,2,2,180,2.0,4,2.00,16,12,81.3,0,1,1,0,0.0,1,1,0,0,0.0,Serie A,2019-2020
SPAL,Etrit Berisha,ALB,GK,30,1989,26,26,2340,26.0,44,1.69,147,105,74.1,5,3,18,3,11.5,6,6,0,0,0.0,Serie A,2019-2020
SPAL,Karlo Letica,CRO,GK,22,1997,10,10,900,10.0,29,2.90,65,36,55.4,0,1,9,0,0.0,1,0,1,0,100.0,Serie A,2019-2020
Sampdoria,Emil Audero,ITA,GK,22,1997,36,36,3240,36.0,60,1.67,165,109,67.9,12,5,19,9,25.0,8,7,0,1,0.0,Serie A,2019-2020
Sampdoria,Wladimiro Falcone,ITA,GK,24,1995,2,2,180,2.0,5,2.50,13,8,69.2,0,1,1,0,0.0,1,1,0,0,0.0,Serie A,2019-2020
Sassuolo,Andrea Consigli,ITA,GK,32,1987,31,31,2790,31.0,55,1.77,145,92,66.9,12,5,14,5,16.1,8,7,1,0,12.5,Serie A,2019-2020
Sassuolo,Gianluca Pegolo,ITA,GK,38,1981,5,5,450,5.0,4,0.80,27,24,85.2,2,2,1,2,40.0,0,0,0,0,,Serie A,2019-2020
Sassuolo,Stefano Turati,ITA,GK,17,2001,2,2,180,2.0,4,2.00,12,8,75.0,0,2,0,0,0.0,1,1,0,0,0.0,Serie A,2019-2020
Torino,Antonio Rosati,ITA,GK,36,1983,1,1,90,1.0,1,1.00,5,4,80.0,0,1,0,0,0.0,0,0,0,0,,Serie A,2019-2020
Torino,Salvatore Sirigu,ITA,GK,32,1987,36,36,3240,36.0,64,1.78,197,135,72.1,11,6,19,7,19.4,10,9,1,0,10.0,Serie A,2019-2020
Torino,Samir Ujkani,KVX,GK,31,1988,1,1,90,1.0,3,3.00,6,3,66.7,0,0,1,0,0.0,1,1,0,0,0.0,Serie A,2019-2020
Udinese,Juan Musso,ARG,GK,25,1994,38,38,3420,38.0,51,1.34,194,141,77.8,12,9,17,14,36.8,10,8,2,0,20.0,Serie A,2019-2020
Atalanta,Marco Sportiello,ITA,GK,28,1992,15,13,1261,14.0,21,1.50,47,25,57.4,9,1,3,2,15.4,2,1,1,0,50.0,Serie A,2020-2021
Atalanta,Pierluigi Gollini,ITA,GK,25,1995,25,25,2156,24.0,26,1.09,65,38,66.2,14,8,3,9,36.0,6,4,2,0,33.3,Serie A,2020-2021
Benevento,Lorenzo Montipò,ITA,GK,24,1996,37,37,3330,37.0,74,2.00,172,103,59.3,7,11,19,7,18.9,5,4,1,0,20.0,Serie A,2020-2021
Benevento,Niccolò Manfredini,ITA,GK,32,1988,1,1,90,1.0,1,1.00,5,4,80.0,0,1,0,0,0.0,0,0,0,0,,Serie A,2020-2021
Bologna,Angelo da Costa Júnior,BRA,GK,36,1983,6,6,540,6.0,9,1.50,27,18,70.4,0,5,1,1,16.7,1,1,0,0,0.0,Serie A,2020-2021
Bologna,Federico Ravaglia,ITA,GK,20,1999,4,4,360,4.0,10,2.50,19,10,52.6,0,1,3,0,0.0,1,1,0,0,0.0,Serie A,2020-2021
Bologna,Łukasz Skorupski,POL,GK,29,1991,28,28,2520,28.0,46,1.64,147,100,72.1,10,5,13,4,14.3,7,5,2,0,28.6,Serie A,2020-2021
Cagliari,Alessio Cragno,ITA,GK,26,1994,34,34,3060,34.0,53,1.56,182,129,73.6,6,10,18,6,17.6,5,5,0,0,0.0,Serie A,2020-2021
Cagliari,Guglielmo Vicario,ITA,GK,23,1996,4,4,360,4.0,6,1.50,21,15,71.4,3,0,1,1,25.0,0,0,0,0,,Serie A,2020-2021
Crotone,Alex Cordaz,ITA,GK,37,1983,36,36,3240,36.0,91,2.53,207,118,58.5,6,3,27,2,5.6,5,5,0,0,0.0,Serie A,2020-2021
Crotone,Gian Crespi,ITA,GK,19,2001,1,1,90,1.0,0,0.00,1,1,100.0,0,1,0,1,100.0,0,0,0,0,,Serie A,2020-2021
Crotone,Marco Festa,ITA,GK,28,1992,1,1,90,1.0,1,1.00,8,7,87.5,0,1,0,0,0.0,0,0,0,0,,Serie A,2020-2021
Fiorentina,Bartłomiej Drągowski,POL,GK,22,1997,36,36,3148,35.0,55,1.57,141,85,66.7,9,12,15,7,19.4,10,8,2,0,20.0,Serie A,2020-2021
Fiorentina,Pietro Terracciano,ITA,GK,30,1990,4,2,272,3.0,4,1.32,11,7,63.6,0,1,1,2,100.0,1,0,1,0,100.0,Serie A,2020-2021
Genoa,Alberto Paleari,ITA,GK,27,1992,3,2,206,2.3,3,1.31,12,9,75.0,1,0,1,1,50.0,0,0,0,0,,Serie A,2020-2021
Genoa,Federico Marchetti,ITA,GK,37,1983,4,4,334,3.7,11,2.96,18,7,38.9,0,1,3,0,0.0,0,0,0,0,,Serie A,2020-2021
Genoa,Mattia Perin,ITA,GK,27,1992,32,32,2879,32.0,44,1.38,158,116,76.6,9,11,12,8,25.0,7,7,0,0,0.0,Serie A,2020-2021
Hellas Verona,Alessandro Berardi,ITA,GK,29,1991,1,0,28,0.3,0,0.00,1,1,100.0,0,0,0,0,,0,0,0,0,,Serie A,2020-2021
Hellas Verona,Ivor Pandur,CRO,GK,20,2000,4,4,332,3.7,6,1.63,13,7,53.8,0,3,1,0,0.0,0,0,0,0,,Serie A,2020-2021
Hellas Verona,Marco Silvestri,ITA,GK,29,1991,34,34,3060,34.0,42,1.24,131,91,72.5,11,9,14,7,20.6,7,6,0,1,0.0,Serie A,2020-2021
Inter,Daniele Padelli,ITA,GK,34,1985,1,0,45,0.5,1,2.00,2,1,100.0,0,0,0,0,,1,1,0,0,0.0,Serie A,2020-2021
Inter,Ionuț Radu,ROU,GK,23,1997,2,1,135,1.5,1,0.67,6,5,83.3,1,0,0,0,0.0,0,0,0,0,,Serie A,2020-2021
Inter,Samir Handanović,SVN,GK,36,1984,37,37,3240,36.0,33,0.92,110,76,73.6,27,7,3,14,37.8,6,4,2,0,33.3,Serie A,2020-2021
Juventus,Carlo Pinsoglio,ITA,GK,30,1990,1,0,23,0.3,1,3.91,2,1,50.0,0,0,0,0,,0,0,0,0,,Serie A,2020-2021
Juventus,Gianluigi Buffon,ITA,GK,42,1978,8,8,720,8.0,5,0.62,21,15,85.7,7,1,0,3,37.5,3,2,1,0,33.3,Serie A,2020-2021
Juventus,Wojciech Szczęsny,POL,GK,30,1990,30,30,2677,29.7,32,1.08,98,66,71.4,16,8,6,5,16.7,6,4,2,0,33.3,Serie A,2020-2021
Lazio,Pepe Reina,ESP,GK,37,1982,29,29,2610,29.0,41,1.41,113,74,70.8,18,3,8,9,31.0,8,8,0,0,0.0,Serie A,2020-2021
Lazio,Thomas Strakosha,ALB,GK,25,1995,9,9,810,9.0,14,1.56,38,24,68.4,3,2,4,3,33.3,2,2,0,0,0.0,Serie A,2020-2021
Milan,Ciprian Tătărușanu,ROU,GK,34,1986,1,1,90,1.0,3,3.00,7,4,71.4,0,1,0,0,0.0,1,1,0,0,0.0,Serie A,2020-2021
Milan,Gianluigi Donnarumma,ITA,GK,21,1999,37,37,3330,37.0,38,1.03,126,88,71.4,24,6,7,14,37.8,4,2,1,1,33.3,Serie A,2020-2021
Napoli,Alex Meret,ITA,GK,23,1997,22,22,1980,22.0,29,1.32,81,53,66.7,13,5,4,6,27.3,2,2,0,0,0.0,Serie A,2020-2021
Napoli,David Ospina,COL,GK,31,1988,16,16,1440,16.0,12,0.75,42,30,78.6,11,0,5,8,50.0,3,3,0,0,0.0,Serie A,2020-2021
Parma,Luigi Sepe,ITA,GK,29,1991,36,36,3240,36.0,76,2.11,181,108,59.1,3,11,22,5,13.9,2,2,0,0,0.0,Serie A,2020-2021
Parma,Simone Colombi,ITA,GK,29,1991,2,2,180,2.0,7,3.50,10,3,40.0,0,0,2,0,0.0,1,1,0,0,0.0,Serie A,2020-2021
Roma,Antonio Mirante,ITA,GK,37,1983,13,13,1153,12.8,19,1.48,56,36,69.6,6,3,4,5,38.5,3,2,1,0,33.3,Serie A,2020-2021
Roma,Daniel Fuzato,BRA,GK,23,1997,5,5,450,5.0,7,1.40,26,19,73.1,2,1,2,2,40.0,0,0,0,0,,Serie A,2020-2021
Roma,Pau López,ESP,GK,25,1994,21,20,1817,20.2,29,1.44,85,59,69.4,10,4,6,4,20.0,3,3,0,0,0.0,Serie A,2020-2021
Sampdoria,Emil Audero,ITA,GK,23,1997,37,37,3330,37.0,54,1.46,173,118,72.8,14,7,16,6,16.2,9,7,2,0,22.2,Serie A,2020-2021
Sampdoria,Karlo Letica,CRO,GK,23,1997,1,1,90,1.0,0,0.00,1,1,100.0,1,0,0,1,100.0,0,0,0,0,,Serie A,2020-2021
Sassuolo,Andrea Consigli,ITA,GK,33,1987,37,37,3330,37.0,56,1.51,185,129,71.9,17,10,10,7,18.9,5,4,1,0,20.0,Serie A,2020-2021
Sassuolo,Gianluca Pegolo,ITA,GK,39,1981,1,1,90,1.0,0,0.00,1,1,100.0,0,1,0,1,100.0,0,0,0,0,,Serie A,2020-2021
Spezia,Ivan Provedel,ITA,GK,26,1994,29,29,2610,29.0,55,1.90,131,75,62.6,6,10,13,4,13.8,7,6,1,0,14.3,Serie A,2020-2021
Spezia,Jeroen Zoet,NED,GK,29,1991,7,7,603,6.7,12,1.79,29,17,69.0,3,1,3,0,0.0,3,3,0,0,0.0,Serie A,2020-2021
Spezia,Rafael,BRA,GK,38,1982,3,2,207,2.3,5,2.17,18,13,72.2,0,1,1,1,50.0,0,0,0,0,,Serie A,2020-2021
Torino,Salvatore Sirigu,ITA,GK,33,1987,32,32,2880,32.0,62,1.94,134,72,59.7,5,13,14,7,21.9,9,8,0,1,0.0,Serie A,2020-2021
Torino,Samir Ujkani,KVX,GK,32,1988,1,1,90,1.0,1,1.00,3,2,66.7,0,1,0,0,0.0,0,0,0,0,,Serie A,2020-2021
Torino,Vanja Milinković-Savić,SRB,GK,23,1997,5,5,450,5.0,6,1.20,20,14,75.0,2,2,1,1,20.0,1,1,0,0,0.0,Serie A,2020-2021
Udinese,Juan Musso,ARG,GK,26,1994,35,35,3147,35.0,51,1.46,149,98,74.5,9,10,16,8,22.9,13,13,0,0,0.0,Serie A,2020-2021
Udinese,Manuel Gasparini,ITA,GK,18,2002,1,0,3,0.0,0,0.00,0,0,,0,0,0,0,,0,0,0,0,,Serie A,2020-2021
Udinese,Nícolas Andrade,BRA,GK,32,1988,2,2,180,2.0,5,2.50,6,1,16.7,1,0,1,0,0.0,0,0,0,0,,Serie A,2020-2021
Udinese,Simone Scuffet,ITA,GK,24,1996,1,1,90,1.0,2,2.00,4,2,75.0,0,0,1,0,0.0,1,1,0,0,0.0,Serie A,2020-2021
Atalanta,Francesco Rossi,ITA,GK,30,1991,1,0,37,0.4,1,2.43,2,1,50.0,0,0,0,0,,0,0,0,0,,Serie A,2021-2022
Atalanta,Juan Musso,ARG,GK,27,1994,33,33,2932,32.6,42,1.29,119,80,67.2,16,8,9,8,24.2,4,3,0,1,0.0,Serie A,2021-2022
Atalanta,Marco Sportiello,ITA,GK,29,1992,5,5,450,5.0,5,1.00,18,13,83.3,0,3,2,2,40.0,2,2,0,0,0.0,Serie A,2021-2022
Bologna,Francesco Bardi,ITA,GK,29,1992,2,2,177,2.0,2,1.02,9,7,77.8,1,1,0,0,0.0,0,0,0,0,,Serie A,2021-2022
Bologna,Nicola Bagnolini,ITA,GK,17,2004,1,0,3,0.0,0,0.00,1,1,100.0,0,0,0,1,,0,0,0,0,,Serie A,2021-2022
Bologna,Łukasz Skorupski,POL,GK,30,1991,36,36,3240,36.0,53,1.47,174,122,74.1,11,9,16,12,33.3,9,8,1,0,11.1,Serie A,2021-2022
Cagliari,Alessio Cragno,ITA,GK,27,1994,35,35,3150,35.0,63,1.80,168,104,66.1,6,10,19,2,5.7,8,6,2,0,25.0,Serie A,2021-2022
Cagliari,Boris Radunović,SRB,GK,25,1996,3,3,270,3.0,5,1.67,17,11,76.5,0,2,1,1,33.3,2,1,1,0,50.0,Serie A,2021-2022
Empoli,Guglielmo Vicario,ITA,GK,24,1996,38,38,3420,38.0,70,1.84,216,150,69.9,10,11,17,7,18.4,10,5,2,3,28.6,Serie A,2021-2022
Fiorentina,Bartłomiej Drągowski,POL,GK,23,1997,7,7,556,6.2,8,1.29,26,17,73.1,3,0,4,2,28.6,2,1,1,0,50.0,Serie A,2021-2022
Fiorentina,Pietro Terracciano,ITA,GK,31,1990,32,31,2862,31.8,43,1.35,100,58,59.0,16,5,10,9,29.0,3,2,1,0,33.3,Serie A,2021-2022
Genoa,Adrian Šemper,CRO,GK,23,1998,1,1,90,1.0,1,1.00,4,3,75.0,0,0,1,0,0.0,0,0,0,0,,Serie A,2021-2022
Genoa,Salvatore Sirigu,ITA,GK,34,1987,37,37,3330,37.0,59,1.59,180,122,69.4,4,16,17,10,27.0,5,4,1,0,20.0,Serie A,2021-2022
Hellas Verona,Alessandro Berardi,ITA,GK,30,1991,1,1,90,1.0,3,3.00,7,4,57.1,0,1,0,0,0.0,0,0,0,0,,Serie A,2021-2022
Hellas Verona,Ivor Pandur,CRO,GK,21,2000,3,3,270,3.0,6,2.00,15,9,66.7,1,0,2,0,0.0,1,1,0,0,0.0,Serie A,2021-2022
Hellas Verona,Lorenzo Montipò,ITA,GK,25,1996,34,34,3060,34.0,50,1.47,137,88,65.0,13,10,11,4,11.8,3,2,1,0,33.3,Serie A,2021-2022
Inter,Ionuț Radu,ROU,GK,24,1997,1,1,90,1.0,2,2.00,3,1,33.3,0,0,1,0,0.0,0,0,0,0,,Serie A,2021-2022
Inter,Samir Handanović,SVN,GK,37,1984,37,37,3330,37.0,30,0.81,124,95,79.0,25,9,3,15,40.5,4,4,0,0,0.0,Serie A,2021-2022
Juventus,Carlo Pinsoglio,ITA,GK,31,1990,1,0,45,0.5,1,2.00,2,1,100.0,0,0,0,0,,1,1,0,0,0.0,Serie A,2021-2022
Juventus,Mattia Perin,ITA,GK,28,1992,5,5,405,4.5,7,1.56,16,10,56.3,2,1,2,1,20.0,0,0,0,0,,Serie A,2021-2022
Juventus,Wojciech Szczęsny,POL,GK,31,1990,33,33,2970,33.0,29,0.88,105,73,75.2,18,9,6,12,36.4,6,3,3,0,50.0,Serie A,2021-2022
Lazio,Pepe Reina,ESP,GK,38,1982,15,15,1350,15.0,29,1.93,60,31,58.3,6,4,5,2,13.3,5,4,0,1,0.0,Serie A,2021-2022
Lazio,Thomas Strakosha,ALB,GK,26,1995,23,23,2070,23.0,29,1.26,86,58,67.4,12,6,5,7,30.4,1,1,0,0,0.0,Serie A,2021-2022
Milan,Ciprian Tătărușanu,ROU,GK,35,1986,6,6,540,6.0,10,1.67,24,14,66.7,4,1,1,1,16.7,3,2,1,0,33.3,Serie A,2021-2022
Milan,Mike Maignan,FRA,GK,26,1995,32,32,2880,32.0,21,0.66,101,81,81.2,22,7,3,17,53.1,2,2,0,0,0.0,Serie A,2021-2022
Napoli,Alex Meret,ITA,GK,24,1997,7,7,619,6.9,6,0.87,29,23,79.3,5,1,1,2,28.6,0,0,0,0,,Serie A,2021-2022
Napoli,David Ospina,COL,GK,32,1988,31,31,2790,31.0,25,0.81,106,82,77.4,19,6,6,13,41.9,1,1,0,0,0.0,Serie A,2021-2022
Napoli,Davide Marfella,ITA,GK,21,1999,1,0,11,0.1,0,0.00,1,1,100.0,0,0,0,1,,0,0,0,0,,Serie A,2021-2022
Roma,Rui Patrício,POR,GK,33,1988,38,38,3420,38.0,43,1.13,146,104,74.0,18,9,11,15,39.5,6,5,1,0,16.7,Serie A,2021-2022
Salernitana,Luigi Sepe,ITA,GK,30,1991,16,16,1392,15.5,24,1.55,78,54,73.1,4,8,4,1,6.3,3,3,0,0,0.0,Serie A,2021-2022
Salernitana,Vid Belec,SVN,GK,31,1990,23,21,1938,21.5,49,2.28,135,87,65.9,3,2,16,1,4.8,5,3,1,1,25.0,Serie A,2021-2022
Salernitana,Vincenzo Fiorillo,ITA,GK,31,1990,1,1,90,1.0,5,5.00,8,3,37.5,0,0,1,0,0.0,0,0,0,0,,Serie A,2021-2022
Sampdoria,Emil Audero,ITA,GK,24,1997,29,29,2560,28.4,48,1.69,130,82,63.8,8,5,16,5,17.2,2,1,1,0,50.0,Serie A,2021-2022
Sampdoria,Nicola Ravaglia,ITA,GK,32,1988,1,0,5,0.1,1,18.00,1,0,100.0,0,0,0,0,,1,1,0,0,0.0,Serie A,2021-2022
Sampdoria,Wladimiro Falcone,ITA,GK,26,1995,10,9,855,9.5,14,1.47,54,41,75.9,2,1,6,2,22.2,1,1,0,0,0.0,Serie A,2021-2022
Sassuolo,Andrea Consigli,ITA,GK,34,1987,37,37,3322,36.9,63,1.71,171,108,67.8,13,11,13,3,8.1,9,8,1,0,11.1,Serie A,2021-2022
Sassuolo,Giacomo Satalino,ITA,GK,22,1999,1,0,8,0.1,0,0.00,1,1,100.0,0,0,0,0,,0,0,0,0,,Serie A,2021-2022
Sassuolo,Gianluca Pegolo,ITA,GK,40,1981,1,1,90,1.0,3,3.00,5,2,40.0,0,0,1,0,0.0,0,0,0,0,,Serie A,2021-2022
Spezia,Ivan Provedel,ITA,GK,27,1994,31,31,2761,30.7,52,1.70,165,116,73.9,9,5,17,7,22.6,11,9,0,2,0.0,Serie A,2021-2022
Spezia,Jeroen Zoet,NED,GK,30,1991,7,7,630,7.0,19,2.71,43,23,58.1,1,1,5,0,0.0,2,1,1,0,50.0,Serie A,2021-2022
Spezia,Petar Zovko,BIH,GK,19,2002,1,0,29,0.3,0,0.00,0,0,,0,0,0,0,,0,0,0,0,,Serie A,2021-2022
Torino,Etrit Berisha,ALB,GK,32,1989,10,10,900,10.0,8,0.80,41,32,85.4,3,4,3,4,40.0,3,2,1,0,33.3,Serie A,2021-2022
Torino,Luca Gemello,ITA,GK,21,2000,1,1,90,1.0,0,0.00,3,3,100.0,1,0,0,1,100.0,0,0,0,0,,Serie A,2021-2022
Torino,Vanja Milinković-Savić,SRB,GK,24,1997,27,27,2430,27.0,33,1.22,80,46,67.5,9,7,11,4,14.8,8,7,1,0,12.5,Serie A,2021-2022
Udinese,Daniele Padelli,ITA,GK,35,1985,3,3,270,3.0,8,2.67,21,13,61.9,1,0,2,1,33.3,0,0,0,0,,Serie A,2021-2022
Udinese,Marco Silvestri,ITA,GK,30,1991,35,35,3150,35.0,50,1.43,141,92,68.1,10,14,11,7,20.0,7,5,0,2,0.0,Serie A,2021-2022
Venezia,Luca Lezzerini,ITA,GK,26,1995,6,6,495,5.5,9,1.64,39,30,76.9,2,1,3,0,0.0,0,0,0,0,,Serie A,2021-2022
Venezia,Niki Mäenpää,FIN,GK,36,1985,17,16,1485,16.5,27,1.64,84,57,73.8,1,4,11,1,6.3,6,5,0,1,0.0,Serie A,2021-2022
Venezia,Sergio Romero,ARG,GK,34,1987,16,16,1440,16.0,33,2.06,105,74,74.3,3,4,9,3,18.8,6,6,0,0,0.0,Serie A,2021-2022
